full_text,label
@mfs_ub kalo udah kuliah mah kampus merdeka kali ya. kalo kata adekku mah b aja haha,0
Kerja sama ini juga mendukung program Merdeka Belajar Kampus Merdeka (MBKM) membuka peluang inovasi bagi masa depan pendidikan yang lebih cerah!,1
@freaktey Wkwk PTK naro logo Kampus Merdeka di IG-nya tapi mahasiswanya ga merdeka,0
@CNNIndonesia Halah kampus merdeka apanya,0
@hrdbacot Kayanya dlu tiada hari tanpa bentakan dan blaming dr karyawan lama entah ke gw atau temen gw. I assume they just dont know what they did is wrong cos maybe the have normalized it. Kenapa gw bertahan?? Ya iyee karena dlu magangnya magang kampus merdeka ️,0
@unsentdrcft @SoundOfYogi Bener bangettt malahan aku yang kuliah tuh takut ilang program kampus merdeka yg menguntungkan mahasiswa tapi sayang sekalai untuk sekolah SD-SMA itu kurang,1
kadang jadi mikir kalo skrg di kuliah banyak organisasi yg ga seaktif dulu itu ga cuma ulah nadiem doang karena adanya kampus merdeka tapi emg dipengaruhi sm kebutuhan tenaga kerja juga yg pandangannya daripada organisasi mending magang,0
@uhuynihh @iam_jellal @b3b3t_ @SoundOfYogi Tapi sejujurnya menurutku bagus kok kurikulumnya. Kalo di perkuliahan bagusnya di merdeka kampus belajar,1
@nzlannarea @SoundOfYogi apaan bagus buat perguruan negri... gr2 kebijakan baru bbrp kampus ngebebanin mhs S2 ke atas hrs ikut2an bikin bnyk jurnal publikasi buat menuhin quota kampus terus ada aja mhs yang manfaatin kurikulum merdeka buat ngeclaim SKS yang padahal mereka gk ngerti apa2 pas di tes..,0
Sebenarnya program dia ada yang baik kok contohnya: kampus merdeka kayak MSIB IISMA PMM dll. Soalnya program ini memberikan banyak keuntungan dan pengalaman bermanfaat buat mahasiswa,1
Ak suka pas ada kampus merdeka itu cuma ya sistemnya agak ancur yh melihat kemarin msib dll ada pengunduran schedule terus ada beberapa Miss juga,0
@SoundOfYogi Yg bagusnya cuma kampus merdeka utk mahasiswa. ,1
@SoundOfYogi Namanya juga proses njirr lagian proramnya beberapa bagus juga kaya kampus merdeka DSB,1
@SoundOfYogi beberapa program kampus merdeka beliau worthit bgt,1
@SoundOfYogi tapi buat pendidikan tinggi kurikulum merdeka tu bagus bgt apalagi program-programnya jadi ada kesempatan buat berkembang diluar kampus,1
@SoundOfYogi Kayanya kebijakan beliau bagusnya yg di kuliah deh. Kaya kampus merdeka dll. Dulu sblm ada itu susah bgt cari magang masukin proposal sana sini tp skrg udah terintegrasi sm sistem di kuliah.,1
Katanya sih bagian kampus merdeka termasuk ok (gue blm ngerasain 2021 covid dan udh otw sidang wkwk),1
Penasaran walau udah bukan mahasiswa. Soalnya gak kebagian icip si kampus merdeka ini,1
One of yg gw gasuka di program kampus merdeka yaitu program wirausaha merdeka yg kek,0
@BaymaxYourbae @BetaEpsilonPhi Kampus merdeka untung sama untung. Mahasiswanya ya oke2 dan seneng aja. Di tengah pandemi muncul tuh program jd mayanlah kedapetan enak ,1
Buat mahasiswa yang bela nadiem karena katanya oh itu program kampus merdeka bagus (termasuk temen gw yang kaya asu) MAKAN NI ANJINGGG LU LIAT KACAUNYA BANGSATTTT BANGSAT,0
@vee_sinaga Oh ini mah yang kampus merdeka. Menurut gw sih ini cuma stop gap solution aja. Akar masalahnya emang pendidikan lanjut (diploma dan sarjana) di Indonesia itu ngga cocok dengan kebutuhan industri-nya. Dan ini yg ngga diurus.,0
aku gak mau ah ngejelekin menteri pendidikan kemarin. soalnya aku dpt benefit dari kampus mengajar magang merdeka dan ppg prajabatan dibiayain negara️,1
@sapharvv @alienordic @anggadwia_ Lumayan tinggi sampe nyisir anggaran juga. Basically stafsusnya Nadiem. Harusnya tim tech ini cukup jadi enabler aja. Oke untuk bikin platform Kampus Merdeka. Tapi ini sampe rombak struktur internal. Dan yg makin speechless itu output mereka cuma platform.,0
Ibu gua suka cerita Kampus Merdeka seringkali jadi ajang pemutihan nilai mahasiswa,0
gw lah hater kurikulum kampus merdeka tsb,0
Yg perlu dipertahankan: kampus merdeka (iisma bolehlah tapi kuota ditekan) sempurnakan juga progran iisma dalam negeri sangat bermanfaat buat kawan kawan dari kampus second-third tier/daerah nun jauh disana utk merasakan atmosfer kampus top 10 indo. dan tentunya MSIB,1
Jujur ni org banyak terobosannya terutama kampus merdeka yg versi l kuliah y Tapi kurang ajarnya kapitalis dan ketidakselarasan antara kementrian yg satu dengan yg lainnya menyebabkan perusahaan bs seenak udel nyari pegawai upah murah beban kerja selangit alias ANAK MAGANG,0
Program kampus merdeka tu bagus banget sebenernya buat mahasiswa: 1. Orang yang di kampus ruko bisa ikut PMM jadi ngerasain kuliah di kampus beneran 2. Program magang merdeka ngasah skill yang gak diajarin di dalem kelas,1
klo untuk program dikti nya so far ok ok aja sihh gw sangat mengapresiasi kampus merdeka,1
@Chimmy1990 @ardisatriawan Nadiem oke di kampus merdeka. ,1
pak nadiem ga duluu kl ngeliat yg udah-udah pendidikan indonesia acak adul. Untuk kuliah bagus make sistem merdeka (karena nge bantu buat magang pertukaran mahasiswa yg dibantu kampus).,1
I agree on kampus merdeka cz uni students udah bisa decide what how or where they wanna learn freely. ,1
kampus merdeka yang gak merdeka2 amat,0
@BetaEpsilonPhi Shadow organization (govtech edu) menurut saya keren banget - isinya talent IT bagus (coba cek LinkedIn pegawainya) - hasil aplikasi nya juga oke seperti: &gt; merdeka belajar (cek ratingnya di playstore) &gt; web kampus merdeka (ini juga bagus),1
Kampus merdeka ? Gak tau lah adek gue diphp program magang yg gak jelas itu dan hampir gak bisa ambil semester baru. So nggak bgt lah kayanya,0
Beberapa program kampus merdeka emang bagus. Aku anak MSIB dulu. Tapi sayangnya program itu membuat banyak perusahaan ga mau rekrut karyawan tetap dan cuma ngandelin anak magang. Contohnya tempat sy magang dulu,0
@OtenKristen @stockmapping Di era nadiem juga ada yg bagus kok kampus merdeka merdeka belajarr,1
@kedelaihitam26 @KemensetnegRI mantap nih kolab sama Raffi Ahmad. isi kuliah umum di kampus universitas merdeka.,1
PPDB Zonasi is not a breakthrough dan kampus merdeka jg gk sebagus itu coyy,0
cerita dikit. kampus gue tuh gabisa ikut kampus merdeka karena di bawah naungan kemenperin T_____T terus gue denger cerita beberapa temen gue yg ikut magang disana dan mikir kl somehow internship di PT is way better than those companies! :3,1
Not gonna lie i've been lucky enough to experience good things from kampus merdeka. Tp beneran gemes sama perusahaan yg buka loker keterangannya urgently needed for internship. Trs tau2 membebankan kerjaan berat ke anak magang. Jyakhh,0
@gitaputrid Pfftt bagus kalo semua pelaku dan lembaga pendidikan dah siap dari segalanya. Itu kampus merdeka bikin pusing tenaga pendidik. Bobot konversi dll gada batasan jadi mhsswa seenaknya ambil matkul gk sesuai porsinya ngaruh ke standar kompetensi. Zonasi? Teknisnya aja jelek bgt,0
@gitaputrid Program kampus merdeka emang bagus banget,1
@sociotalker Yg bagus menurut gw ya program kampus merdeka itupun ada kontra.,1
@gitaputrid kampus merdeka menurut aku bagus kok walaupun dulu bisanya cuma per fakultas tapi aku jadi punya pengalaman belajar mata kuliah bahasa korea sehari-hari selama 1 semester dan seru banget!!,1
@girikuncoro sedikit banyak kebantu sama kampus merdeka. kuliah kebijakan publik lulus kuliah jadi product manager (tech) hehe,1
program dia bagus yg kampus merdeka ,1
@yourpadawann @elvhantkind @sabolnkonveksi bukan dibayar murah lagi. kalo ikut kampus merdeka perusahaan bahkan ga harus keluar uang karena upah anak magang langsung dari negara. mereka beneran dapet tenaga kerja cuma2,0
Benerr. Kalo dari yg kulihat emang kampus merdeka works well di univ. Buat yg univ programnya emang bagus,1
And kampus merdeka is hurting full time employees more and the way college students think. Bukannya sibuk mikirin akademis dan ilmunya malah pada lomba2 siapa yg bisa internship paling cepet dan ninggalin akademiknya,0
gonna support this argument. aku juga percaya TPKS Zonasi dan Kampus Merdeka adalah program bagus untuk diteruskan. Ini tu pendidikan kita udah mulai berjalan ke arah Equality &amp; Quality Education lho. Pendidikan ga selamanya tentang menang kalah tapi berkeadilan.,1
Aku gatau di jurusan lain gimana tapi dari tahun² awal kemunculannya kampus merdeka tuh sedikit banyak jadi polemik apalagi bagi anak² gerakan atau advo soalnya mahasiswa jadi lari ke situ semua. Kekhawatirannya gini juga sih karena kesannya kek it's all about industry ....,1
Kampus merdeka is shitty ketika tmn lo yg magang ketinggalan materi satu semester tp gamau ngejar trs apesnya sekelompok sama lo di smt berikutnya endingnya plonga plongo trs apply magang merdeka lg dah gausa kuliah magang trs aja sonooooo manusia gila maganggggg,0
Eh iya napa tiba2 jdi pada dukung kampus merdeka dah?? Bukannya ni mahasiswa pada disuruh kerja rodi dan tidak dibayar/bayar minim???,0
Gw akui kampus merdeka amat sangat menyelamatkan gw dimasa krisis. ,1
menurutku okenya di kampus merdeka doang ,1
tapi program kampus merdeka bagi gue bermanfaat banget bisa lebih paham roadmap skill yg dibutuhin diindustri dan bisa fokus mempelajari bidang yg kita inginkan. kalo dari kampus doang asli kureng banget dan belajar nya terlalu general,1
@deforestatie iya tapi menurutku kemdikbudristekdikti juga harusnya punya regulasi yang lebih jelas dan tegas. setauku pemerintah ada bayar sejumlah uang ke perusahaan yang mau dijadiin tempat magang kampus merdeka ya perusahaan pasti mau-mau aja dong?,0
kampus merdeka is fine ,1
@gitaputrid prespektif sebagai alumi kampus merdeka batch 2 &amp; 3 yg menurutku bagus. soalnya bisa ikut bootcamp mehong sama cari magang gampang. tbh gw jauh lebih enjoy mbkm daripada ikut kelas kampus yg materi nya outdated terkhusus IT walau di kampus merdeka masih ada sisi fucked up nya,1
kampus merdeka tuh beneran sebenernya program yang oke banget sih emang despite the whole convo behind it lebih banyakan bagusnya drpd bobroknya,1
Kampus Merdeka oke oke aja asal regulasinya lancar kemarin timeline mundur mundur mulu temenku juga pada ga on time dpt duitnya lol PPDB Zonasi angkatan pertama nih bosss tahun 2018 fcked up hehe belum jelas tapi udah dijalankan banyak menimbulkan kekecewaan.,0
Kampus Merdeka is a life-changer.,1
Kampus merdeka isn't that great either (if I speak gw bakal diserang) it's a good program but iykyk,0
Yeah kampus merdeka ada bagusnya sih. Ngeliat mantanku dulu sebagai anak sastra cina tiba bisa belajar ilmu IT berkat kampus merdeka,1
kampus merdeka juga malah bikin mahasiswa kejajah sm sistem yg dibuat nadiem fuck u nadiem makarim,0
@shav_chi @gitaputrid Kalo kampus merdeka kaya msib/mbkm menurutku malah ngebantu banget kok mungkin dulunya yg susah nyari magang kalopun dapet ya banyakan unpaid dan schedule magang yg gajelas I mean gada kerjaan. Tapi aku kalo liat temenku kebanyakan mereka yg mbkm itu udah kerja,1
@gitaputrid Gue setuju yg kampus merdeka si krn program itu gue bisa cepet lulus krn ada pilihan rekognisi KKN dan matkul ke internship,1
@gitaputrid jujurly kampus merdeka emg bagus sih ngasi banyak kesempatan buat mahasiswa. ,1
belum lagi program kampus merdeka bikin banyak perusahaan ngadalin permen ketenagakerjaan yang jumlah karyawan magangnya ngelebihin 20% credit apanya,0
@gitaputrid Kampus merdeka is ass,0
@gitaputrid Satgas TPKS dan Kampus Merdeka (walaupun masih banyak minus di mitra dan teknis) ini okelah.,1
but whatever thanks for kampus merdeka walaupun masih lumayan banyak koreksi setiap program,1
bahkan buat ikut intern aja sekarang ada aja yg harus punya pengalaman. belum lagi perusahaan yg kerjasama sama kampus merdeka mulai keliatan bobroknya == aji munpung sama peserta jadinya dikasih kerjaan yg seharusnya bukan tupoksi intern,0
kampus merdeka juga jadi salah satu faktor kenapa persyaratan loker ga ngotak,0
@gitaputrid Engga si ka kampus merdeka di convert ke mata kuliah kisaran semester 5 ke atas dimana kebanyakan semester segitu matkulnya wajib di ambil terus banyak jadi buruh tanpa bayaran. ,0
Ini bener banget kampus merdeka program yang cocok banget buat mahasiswa,1
Kampus merdeka; mahasiswa fokus bangun karir instead of menempuh pendidikan dan membangun soft skill lewat organisasi kampus ,1
@gitaputrid Kampus Merdeka doang yang bagus dr program dia.,1
@gitaputrid Program blio yg bagus tuh merdeka belajar kampus merdeka program keren yang harus tetep dilanjutkan.,1
@honeyshyun kebanyakan yg bela beliau tuh krn kampus merdeka doang sih kak,1
@gitaputrid setuju kampus merdeka oke banget,1
@gitaputrid kampus merdeka is fine ,1
klo yang program kampus merdeka oke lah MESKI Gajinya telat cair buat yg Magang lol,1
cumann kampus merdeka yang oke,1
Kampus merdeka anak IISMA isinya ya orkay yang magang malah kayak budak,0
@gitaputrid Kan lu gatau kondisi di lapangan gimana tau enaknya aja...gimana ga transparannya program kampus merdeka Iisma dsb nya...,0
@gitaputrid Kampus merdeka oke sih,1
@gitaputrid Kampus merdeka sih menurut gue bagus.,1
Perspektif saya dari industri yang banyak ngasih posisi magang untuk program kampus merdeka sih output nya bagus untuk anaknya belum pernah dapat feedback negatif Gap skill antara lulusan S1 tech dan yang diperlukan industri IT itu lumayan besar jadi program magang industri,1
Kampus Merdeka? Ah sudahlah. Udh banyak pemberitaan keluhan dan polemik ttg ini. Kita tau MBKM ini lbh banyak ngerusaknya.,0
@oboytweet @sociotalker Kalau di perkuliahan dampaknya banyak positif sih ada program kampus merdeka yg ngasih mahasiswa opsi lebih banyak buat mendalami jurusannya lebih dalam dan sesuai industrinya,1
@IrmadliK Jdi gak monoton belajarnya. Sekarang kuliah pun kurikulumnya rasanya emang bagus apalagi program kampus merdeka. Jdi lebih banyak pilihan buat eksplor sesuai minat,1
Perlu banyak banget yg mesti dibenahi di situ so does kampus merdeka. ,0
untuk anak kuliah? it was okay tbh kampus merdeka lumayan ngebantu untuk orang2 mau magang atau exchange,1
@xzars009 @gitaputrid Sblm ada kampus merdeka sulit bgt dpt magang dgn uang saku manusiawi dan layak....,1
@xzars009 @gitaputrid Agree kampus merdeka adalah salah satu hal yg bikin aku sangat berterima kasih kpd beliau,1
@gitaputrid Kampus Merdeka dan Modul Nusantara itu?! BIG FAILURE!!!,0
Kampus merdeka menurutku justru ngematiin peluang kerja orang orang. Bisa aja terima anak anak kampus merdeka ini jadi gak perlu hire karyawan cukup anak magang sj,0
@hzteahztea @elisa_jkt di perkuliahan ada program merdeka belajar kampus merdeka itu program dari nadim makarim bagus bagus agak kesel kalo banyak yg benci belio grgr nih program gagal padahal nih program briliant bgt imo,1
yg bagus cuma kampus merdeka doang buat mahasiswa jd bisa ngerasain kuliah diluar kampus selama setahun,1
kampus merdeka? AKWWKWKWKK,0
@kambingvlr kampus sama magang merdeka menurutku lumayan ,1
@gitaputrid Sorry to say tapi kampus merdeka itu cuma sekedar oase yang dia buat di tanah tandus. Bayangin aja lu sama negara dibuat susah dalam hal lapangan kerja ya kesempatan sekecil apapun yg mereka kasih bakal terasa berharga. Lagian oase kalo di tanah subur ga bikin dia jadi spesial,0
kampus merdeka sebenernya oke bgt loh,1
Kampus merdeka juga banyak ngehenya. Tetep elek,0
Yg oke cuma kampus merdeka doang,1
kampus merdeka is a thing tp program yg lain perlu dikaji ulang,1
@barrysianturi gini deh emang gw sampel yang sangat kecilll sekali tapi gw sangat merasakan dampak kampus merdeka di perusahaan. Untuk pertama kalinya orang2 yang masuk ke tempat gw ga pake training. lgsg siap pakai. Alasannya: mereka ud magang duluan. Padahal dari PTN nun jauh di sana.,1
@gitaputrid semua tergantung prespektif buat anak kuliahan kebijakan dia untuk anak kuliahan sangat bagus Kampus Merdeka walaupun masih banyak minusnya tapi itu suatu kemewahan bisa dapet pengalaman diluar kampus selama 1 tahun penuh.,1
@sociotalker Lu Yang bilang Nadiem ga guna Berarti lu TOLOL gak pernah baca berita FU! Gua lulusan kampus merdeka BANGKIT by google GOTO dan traveloka 'Machine Learning' dan itu semua program dari Nadiem dan sekarang gua bisa kerja Di perusahaan Gede juga karena programnya! Lu aja yg Haters,1
@gitaputrid Kampus merdeka emang membuka wawasan mahasiswa terhadap potensi2 karir TAPI mahasiswa jadi kehilangan gregetnya untuk peduli pada isu2 besar nasional lebih pilih cari side job atau sibuk intern daripada belajar berorganisasi (yg sebenernya berguna juga ketika nantinya bekerja).,0
@gitaputrid Kampus merdeka oke Sisanya meh,1
Tentu ada manfaat dari Kampus Merdeka tapi saat ini secara kolektif lebih banyak mudaratnya. Faktor utamanya mungkin perubahan drastis yang tidak disertai kesiapan.,0
Nadiem juga tidak pernah (kalau pernah tolong infonya) datang ke kampus pelosok untuk berdiskusi soal kurikulum merdeka.,0
Definisi merdekanya kurang rigid. Ini tentu bagus bagi kampus yang sudah siap tapi persentasenya mungkin 10% dari total kampus yg ada? Pun kampus2 ini mungkin sudah bisa dan biasa menerapkan kurikulum merdeka sebelum ada arahan.,0
Penerapan zonasi dan Kampus Merdeka aslinya kacau di daerah yang jauh dari ibu kota. Pernah ketemu anak magang di kantor KUA yang cuma duduk sebagai resepsionis. Sudah itu saja kerjanya. Ada juga yang jadi kasir di toko. Kasir bukan akuntan.,0
@gitaputrid 2 kata lucu: kampus merdeka,0
@gitaputrid zonasi &amp; kampus merdeka? wkwkwkwkwk,0
Mana kampus merdeka banyak yang gaji kecil bahkan gk digaji. Ini mah akal-akalan aja biar dapat pegawai magang dengan biaya rendah anjingg. Meras tenaga mahasiswa,0
Ada gitu penyepong Nadiem‍ Nih ya  Kampus merdeka? Yakin baik? Ini malah mencetak mahasiswa untuk siap jadi budak korporat,0
Agree with mbak ini. Actually Kampus Merdeka is a thing. Sistem konversi nilai sebetulnya lumayan memudahkan mahasiswa biarpun yaaa agak ribet juga..,1
kampus merdeka juga cuma excuse biar perusahaan dapet free labour LMAO,0
@elisa_jkt waktu zaman nya pak nadiem anak kuliahan terbantu banget dengan adanya program kampus merdeka. dapat uang saku dan pengalaman jujur sangat ngebantu banget,1
Zonasi dan Kampus Merdeka disebut keberhasilan????? Girl???? Bffr,0
@sociotalker Kalau di jenjang universitas banyak positif yang bisa diambil dari programnya dia. Program kampus merdeka banyak positif dan dampak negatif tidak langsungnya.,1
Terus kampus merdeka iya bagus buat nambah pengalaman mahasiswa. Tapi konversinya ke mata kuliah ini amburadul banget mahasiswa magang berpotensi lulus tanpa kompetensi (sesuai jurusannya) yg mumpuni. Kalau mau tetep ada magang ya ngga usah dikonversi ke sks.,0
hmm plus minus sih. but kampus merdeka was something special for me.,1
kampus merdeka breakthrough??? zonasi breakthrough????? u ngajar dimaneee??? paham bener kayaknya urusan sekolahan ama kuliahan,0
Opini tolol apa ini anjing wkwkwkwwkwkww kampus merdeka dibilang breakthrough wkwkwkwkwkw,0
@sweetbrownice Kampus merdeka jg pro-kontra sih terutama iisma sm magang. Kalo iisma masalah anggaran dan efektivitas program magang karena agak bikin mahasiswa fokus ke perbanyak pengalaman kerja sejak kuliah ketimbang fokus kuliah + bikin individualis kurang kritis sm keadaan terkini. Cmiiw,0
tapi sisanya gak dulu apalagi kampus merdeka. berasa bgt dosen-dosenku kebingungannya trus berimbas ke mahasiswanya deh,0
3. kampus merdeka (terutama PMM karna gw ikutin). kesempatan paling membahagiakan di hidup gw itu bisa lolos PMM btw gw org kurang berada kampung gw di Sumut dari lahir ga pernah ke kampung karna emg ga ada duit kesana. and PMM bikin gw bisa ke Sumut~,1
Kampus merdeka (kalo tidak include mbkm) dari sisi pendidikan mungkin masih oke.,1
Mahasiswa sedikit yang demo karena mereka ngerasain duit dari kampus merdeka makanya diem diem aja ,0
@gitaputrid Kampus merdeka ok. ,1
@afrodindaintan @sociotalker kalo kampus merdeka gak seburuk itu sih..,1
Fokus kita tetap di Kurikulum Merdeka dan Merdeka Belajar. Ini kurikulum ketinggian buat Indonesia. Even untuk beberapa kampus/PT,0
@elisa_jkt Hmm padahal pak Nadiem itu bagus karena ngadain kampus merdeka salah satunya mbkm karena ngebantu mahasiswa banget buat dapet gaji pas magang + pengalaman kerja.,1
@blacvorest @sociotalker pernah baca ada yg suudzon katanya kampus merdeka biar mahasiswa pada cape sama kuliahnya biar gak usah demo ngurusin pemerintah,0
eh tapi kalau untuk program kampus merdeka berhasil loh,1
Kok pada gasuka sama kepemimpinannya pak nadiem sih? Menurutku program kampus merdeka itu bagus banget lohhh apalagi MSIB IISMA dll,1
@elisa_jkt  Lulus program kampus merdeka wisuda gatau apa apa. Program lintas jurusan yang bikin pendidikan tinggi pun bingung masukin kemana nilainya. UKT mahal. Pensiun balik ke gojek aja pak biar aplikasinya makin baik,0
@oldtrevoria @sociotalker kalau kakanya tanya dan dekat sama akademisi dari awal mereka pada ga setuju sama kurikulum merdeka. Bahkan dari awal para akademisi kampus termasuk guru besar dan dosen ga setuju dipilihnya Nadiem jadi mendikbud,0
imo gw bukan penyembah nadiem makarim but thanks to nadiem gue bisa first magang dengan gaji WOW karena kampus merdeka dari cv tersebut membuka gue ke tempat kerja gue hari ini. + sks nya dikonversi jd gue fokus magang dan nilai kuliah juga gemilang.,1
Tapi pas program kampus merdeka itu jujur oke banget. Meski gak sempat ikut karena udah tinggal sidang tapi temen-temen dan adek ku bgasi respon positif soal program itu. Menurutku juga programnya bagus (yang kampus merdeka yhh),1
Ada lagi dosen w bilang pengen program kampus merdeka dihilangin aja grgr mengacaukan kurikulum kampus wkwkw,0
@sociotalker Cuma kampus merdeka aj yg masuk akal. ,1
@sillining @sociotalker fak kampus merdeka,0
@sociotalker utk perguruan tinggi dg ada kampus merdeka baguss,1
tbh program kampus merdeka kayak magang yang bisa sampai 6 bulan dan pertukaran pelajar itu bagus banget karena mahasiswa jadi punya banyak kesempatan. ,1
Tapi hal yg paling gw sayangkan dari programnya adalah gerakan mahasiswa jadi mati,0
@sociotalker hmmm but thanks a lot buat kampus merdeka nya,1
tapi aku suka kampus merdeka yang di usung oleh beliau,1
@sociotalker Tapi Kampus Merdeka bagus loh,1
@sociotalker program kampus merdeka gua akuin bagus banget sih bener2 ngasih kesempatan ke mahasiswa secara luas buat student exchange magang wirausaha ,1
Kl nyari yg sempurna ya pasti ga ada. Tp lihat positif &amp; perbandingan dari sblmnya. Bagi sy yg mahasiswa sewaktu itu program baru Kampus Merdeka ini benar2 membantu. Sy rasa bbrp teman yg penerima programnya jg merasakan hal demikian. Pendidikan ga bs dilihat dari satu sisi.,1
Menurutku yg oke dr kampus merdeka cuma MSIB yg bisa ngeregulasi industri biar gak menjebak pemagang thd cheap/free labour yg sebelumnya ga bs dilakukan oleh universitas.,1
Sebenernya kampus merdeka nya mas Nadiem itu bagus untuk pendidikan tinggi..,1
Semoga dgn menteri yg baru program Kampus Merdeka dihapuskan... Amiinn... https://t.co/SWUxv71ir5,0
Buat menteri pendidikan kedepannya plis lanjutin kurikulum merdeka belajarnya buat kampus dan mahasiswa. Apalagi program MBKM berdampak positif banget bagi mahasiswa di seluruh pelosok negeri,1
Sing ngomong anake wong sugih Mostly produk kuliah 4 tahun memang kurang memegang skill. Lebih banyak ke teori dan perencanaan. Salah satu program Kampus Merdeka yang oke adalah Kedaireka di mana kampus dekat dengan industri dan bisa melibatkan mahasiswa ke proyek riil,1
@mfs_ub This shit only happened when lulusan kurikulum merdeka mulai masuk kampus,0
@prabowo Pak Saya cuman mau blng jangan di berhentikan program kampus mengajar pertukaran mahasiswa merdeka wirausaha merdeka pak Beta sebagai anak maluku program ini sngat bagus pak kami bisa lihat gimna pendidikan di barat(Jawa) beda jauh dan kami bisa belajar bnyak apa yg,1
@putranotputri @SamFerkyFers10 @NarasiNewsroom Bener Nder kampus merdeka itu bagus sih,1
@12Tataboga71988 @Boediantar4 @nadiemmakarim Soalnya aku alumni kampus merdeka batch 1 suka banget sama program ini.,1
Tolong program merdeka belajar di kampus tetep berlanjut dong. Pengen ngerasain msib cuyy. ,1
Maksudnya pak Nadim ya ? Aku malah suka hasil dri implementasi Kampus Merdeka programnya beliau karen Mahasiswa jadi bisa punya banyak kesempetan untuk berekaplorasi. ,1
@vwexcellent Kampusnya juga didorong ke arah vokasi dengan program Magang Merdeka dan kolaborasi kampus dengan industri,1
@fond_illust @nousername2202 @RadityoDharmaP @analispolitik @yanuarnugroho @BudiBukanIntel @Trystanto2 @alfinfbasundoro Kan gegara kampus merdeka kampus merdeka yg buat siapa yap betul Mulyono,0
@CNNIndonesia Bawa serta kurikulum merdekanya pak. Bahkan hasilnya kontroversi kok tuh yang di kampus merdeka banyak doktor dadakan.,0
@zanatul_91 Hapus kampus merdeka,0
kampus merdeka...jd bebas mau apa aja..merdeka...,0
@saidi_sudarsono Semenjak ada merdeka merdekanya di sekolah dan kampus jadi merdeka semua aturan yang penting uangnya cukup,0
2. Implementasi yang Setengah-Setengah Kebijakan digitalisasi pendidikan seperti platform Kampus Merdeka masih belum siap. Banyak kampus dan sekolah di daerah yang tidak siap dengan teknologi ini apalagi dengan keterbatasan infrastruktur.,0
Kampus Merdeka tapi Dijajah Rezim. - *quote dari X*,0
@ardisatriawan Label e kampus merdeka nder jadi gausah tanya kenapa aneh karena MERDEKA COOOOY ah elah,0
@Strategi_Bisnis Gw bingung ya menentukan keberhasilan Nadiem Makarim hanya dari cuplikan video tentang Ibukota dll. Padahal ada kampus merdeka yg berguna bangeet. ,1
@zanatul_91 Sebenarnya kampus merdeka ini bagus. Jujur untuk mahasiswa kampus merdeka terbantu banget buat ningkatin skill di dunia kerja apalagi ada program msib dkk.,1
Buzzer Kampus Merdeka mulai menyerang. Sadarlah kalian cuma buzzer,0
@ardisatriawan Kampus merdeka buat pejabat? Bukan buat rakyat? @univ_indonesia masih sehat?,0
@direktoridosen Kampus Merdeka paham pastinya arti merdeka (Bebas) yg artinya sebebas-bebasnya buat yg punya duit jabatan kontribusi (positif/negatif). Yg penting punya . Ga usah bahlil ketum pedih diperjuangin jg gitu. Tau2 ada HC si Rapih amat juga tiba2 meski ga jelas kampusnya. Wkwk,0
Jangan lupa Sumbangan Pendidikan nya. Ya kampus merdeka minusnya gini ini lu punya uang lu punya kuasa.,0
@teman_ceritaaa @NenkMonica Bagus kok terutama program Kampus Merdeka,1
@HANTZadidas @NenkMonica Bagus kok jaman pak nadiem khusus mahasiswa. Soalnya kerasa banget program kampus merdeka,1
@NenkMonica Tapi aku smenjak ikut kampus merdeka dpet bnyk juga benefitnya mulai dari MBKM Mandiri sampai studi independen. Mngkin aku liatnya dari satu sisi aja,1
@ardisatriawan Kampus Merdeka mungkin ini sebagai strategi meluluskan secara akselerasi. Merdeka dari aturan2 reguler (kampus sebelum merdeka).,0
Kan sesuai slogannya Kampus Merdeka Merdeka melakukan apapun tidak perduli konsekuensi nya.,0
@jineeuslab @univ_indonesia Yassalam Mamam tuh kampus merdeka,0
@akbarfaizal68 @prabowo Kita kan pake kurikulum merdeka kampus merdeka ukt merdeka. Merdeka di sini artinya suka2 gue.,0
PLSSS INDONESIA wapres udh jelek jangan sampe menteri pendidikan JELEK juga. gamau tau magang merdeka dan kampus mengajar jangan sampe dihapus ganti nama aja boleh lah. IISMA bagus sih tapi hmm dampaknya gak bagitu besar buat masyarakat,1
Kalau disini kayak anak2 kampus merdeka tapi cuma nyeduh kopi/Fotocopy dokumen. Kalau engga usia emas tapi dimutasi ke SEA / negara yang prospeknya jelek.,0
Trims kampus merdeka kamu tau apa yg aku butuhkan ketika stres,1
Kampus merdeka panik amat si sampe bawa bawa ketumnya @roan_gylberth https://t.co/KKKVk12GWL,0
imo kalau ngomongin pendidikan di era nadiem we already know dia merusak sistem pendidikan Indonesia dari level sd sampe perguruan tinggi. kampus merdeka pun juga sebenernya itu kegagalan yg akhirnya malah mengubah sistem pembelajaran di kampus.,0
Oh pantesan kampus merdeka nggak jadi bubar (Alhamdulillah ada kesempatan sekali lagi MSIB ),1
@paipiapaipia Kayaknya masa kegelapan lagi bagi temen2 di kuliah gk yakin ada dan proper untuk kampus merdeka sejenisnya,0
@zanatul_91 Sedih pokoknya semua program Merdeka Belajar itu masuk ke kontrak Indikator Kinerja Utama jadi pasti kena push ama pejabat di kampus masing2. Saya sih terserah aja mau nilai IKU saya gimana yang jelas udah memenuhin BKD ya udah,0
@bacottetangga__ masa depan buruh dan pembantu. miris sekali kampus merdeka sekolah merdeka ndasmu diem jago bgt ngebacot emg mendikbud kita,0
@munvess Tapi jangan deh serius mending intern aja yang benefitnya lebih oke sambil ambil kursus atau ikutan program kampus merdeka,1
@kegblgnunfaedh gatau ya dibidang pendidikan formal tuh gimana tapi di informal atau perguruan tinggi. Program MBKM atau kampus merdeka mereka works loh magang atau stupen nya mereka menurut gue amat samgat bagus. Banyak mahasiswa gue yang jadi punya skill saat lulus dan gampang dapet kerja.,1
@kegblgnunfaedh Tapi program kampus merdeka nya bagus bgt,1
gua kemungkinan gak belajar mobile development pak. karna program magang di kampus saya gak boleh keluar dari kota dimana kota saya bengkulu untuk industri yang memakai jasa developer sangat kurang. Tapi lewat program kampus merdeka jadi memiliki kesempatan. thanks pak,1
sebenarnya aku butuh bbh ala kampus merdeka,1
iisma awardee ala kampus merdeka by nadiem adalah prestasi,0
Balik lagi itu view gua sebagai penerima manfaat dari Kampus Merdeka. Gua belum tau di sektor lain terdampaknya bagaimana but calling him Gagal Total itu sangat amat buzzer,1
Program dia yg agak berhasil gue rasa cuman kampus merdeka aja walau tetep aja kita terseok seok,1
Kebijakan beliau ini bagus cuman belum matang aja dan perlu banyak pembenahan. Kayak kampus merdeka itu hal yang paling gua suka tapi ya gitu izin dari kampus asalnya ga semua rata,0
nadiem yg bagus cm kampus merdeka nya doang njir sisanya ampaz,1
seenggaknya kampus merdeka ada benefitnya (ga 100% but still),1
Beliau tuh kaya bikin program tapi ga mikirin implementasinya gimana. Dituntut buat jalanin program kampus merdeka yg banyak banget itu udah gitu sistem pelaporan seabrek. Gimana otak ga kusut ngurus PT Vokasi tapi kudu disamain kaya akademik,0
@Mdy_Asmara1701 Unpopular opinion. saya justru merasa syukur dan bangga di bidang 'dikti'-nya dengan program Kampus Merdeka. Plus minus kekurangan pasti ada. beliau ini adalah satu dari sekian banyak orang yang menjadi menteri berani berinovatif. Itu pendapat saya,1
@laskar7langit @Gamal_Albinsaid Nadim Ku nilai GAGAL sebagai menteri juga berdasar pada kurikulum merdeka YANG TERLALU MERDEKA ,0
@cloudybookgrx buat kampus sih oke yak ,1
@itsme111213 @NenkMonica @nadiemmakarim yupsss setuju klo utk program kampus merdeka bagi kuliah sangat worth it sekali,1
untuk kehidupan kampus merdeka cukup oke lah sebagai yg pernah merasakan sisanya mungkin gatau yaa hehe..,1
@tempodotco Jujur pasti masih banyak minusnya. Tapi gabisa bohong program juga banyak yang berdampak. Adanya kampus merdeka bikin kita sadar selain akademik jg butuh pengalaman kerja sebagai batu lonjatan mengurangi pengangguran freshgraduate.,1
noh pemerataan pendidikan dulu. bukan malah bikin program macam kampus merdeka lah iisma lah dll. iya bagus. tapi lucu aja krn jomplang banget kondisinya.,0
@kompascom Ini kampus menerapkan kurikulum merdeka...merdeka dari kegiatan belajar-mengajar yang penting siap berikan gelar,0
Banyak yang ngasih kritik ya. Tp menurutku sebagai mahasiswa yang merasakan kurikulum merdeka saat itu ngerasa sangat terbantu dgn program kampus merdeka ini krn sgt memfasilitasi persiapan karir sesuai potensi dan minat kita yang nggak bisa didapat di pembelajaran kampus.,1
Saya termasuk mendukung merdeka belajar. Mendobrak status quo kampus untuk ikut berlari. Bukan nyaman dengan bahan ajar yang tak berubah. Statement ini bukan merujuk pada personal. Nyatanya sistem lama bahkan hingga hari ini tidak akan mampu membuat lompatan dunia keilmuan.,1
diliat dl deh dr kampus merdeka. link n match yang dicita-citakan musnah akibat keberpihakan negara yang berat pada company. sampai saat ini belum ada regulasi memadai yg melindungi mahasiswa saat intern--dikampus merdeka atau bukan. hal ini berpotensi ekploitasi pd peserta -c- https://t.co/IgrVGWuyiS,0
ajg mhs angkatan brp nehh tonedeaf amat! mahasiswa skrg lg krisis untuk disiapkan menjadi budak korporat. selain penurunan ekonomi shifting perception ini jg diakibatkan oleh kampus merdeka dan permintaan company yang makin menggila.,0
Instansi yang dititipin merdeka belajar yang mumet dipasrahin mahasiswa buat bisa praktek tapi teori dasarnya plangplong. Yang dikonversi mata kuliah penting kaya Penulisan Karya Ilmiah dan disetujui kampus. Lah u gimana bisa nulis skripsi?! Ujung2nya ngejoki.,0
@tempodotco Merdeka dimane lu gara2 kuliah gratis mahasiswa suruh kerja di kampus KIP beberapa dicabutin. Pengusaha kalo jadi pejabat aneh2 aja emang kelakuannye.,0
@fallenforwishes kampus merdeka yg tidak memerdekakan,0
@bonnietriyana Komersialisasi pendidikan lewat ptn-bh kegagalan kampus merdeka,0
Minggu lalu bahas kebijakan merdeka belajar di kampus ternyata jurusanku ga sepenuhnya dukung atau bahkan 1 1nya jurusan yang gak support jika harus konversi ke 1 semester pembelajaran. Next we launch program kolaborasi Internship Career Centre,0
Frnomena magang di kalangan mahasiswa ini makin bergelora di jaman kampus merdeka. Magang terus kapan belajarnya? https://t.co/1Tj1B8fuoJ,0
@bonnietriyana Buat UKT kampus negeri lebih manusiawi lagi. Kurikulum merdeka bagus tapi gk cocok utk sebagian masyarakat indo balik ke kurikulum kolonial aja gpp.,0
Gak bakal krn pionir demonya udh pd (wajib) ikut kampus merdeka..,0
@tanyakanrl Serius nanya mahasiswa yg pake seksi ke kampus intelek banget ya anak2nya? Atau modal kurikulum merdeka aja buat masuk kampus?,0
Dibaca yaa adik2.... Merdeka belajar kampus merdeka.. Bukan berarti melupakan adab. Mau nyentrik? Sah sah aja. Tp jangan lupa... Semua ada adabnya. Indonesia memiliki standar kesopanan. Klau orang2 masih ngeyel... Pertanyaannya satu kamu tinggal dimana?,0
@V3g3L Pemilihan rektor saja ikut campur padahal katanya kampus merdeka itulah merdeka ngibul model Mulyono,0
@worksfess Lebih gede gaji anak magang kampus merdeka nder mending skip aja. ,1
@AraituLaki @nadiemmakarim kalo tolol mana ada aplikasi yg bisa menghidupi orang banyak ? kampus merdeka sangat bagus udah gitu digaji pulak,1
@wndprj Ini baru namanya kampus merdeka....merdeka dari aturan..alias karepe dewe,0
@AraituLaki @nadiemmakarim Apa lagi program kampus merdeka. Hadohh . Program ngabisin uang rakyat. Programnya gk jelas. Gk nyambong. !!!,0
Alumni Kampus Merdeka udah ratusan ribu. Semoga program yang begini dilanjutin sama Pak @Prabowo dan Mas Gibran biar makin banyak mahasiswa yang bener-bener matang dan siap bersaing di dunia kerja. Biar Gen Z dan generasi seterusnya bisa lebih keren lagi,1
Sistem pendidikan kita memang belum sempurna. Tapi ada satu program Mas Menteri Nadiem yang OK menurut gue Program Kampus Merdeka. Setau gue program ini beneran jadi rebutan mahasiswa di seluruh Indonesia. Keponakan gue berkali-kali daftar tapi belum rezeki aja buat lolos. https://t.co/Ok4NrXA3ZD,1
- kurikulum kuliah yang udah ditata rapih seketika dan tbtb si karim mendikbud itu merubah kurikulum jadi kampus merdeka (korban: dosen) - kampus naikin ukt bahkan sampe ada yang usul pinjol jadi salah satu alternatif nya (korban: mahasiswa/i)-,0
Gue baru abis diceritain adek gue minggu lalu kalo di tempat magang dia ada anak unair yg lagi magang wajib dari kampus (bukan magang merdeka) terus mereka selain dapet gaji dari tempat magang dapet gaji juga dari kampusnya...,1
2 8 gaji magang dri msib kampus merdeka,1
Kampus merdeka malah jd kampus kapitalis yha? Dilepas gitu aja bikin kebijakan biar neraca ga merah,0
Niatnya jadi kampus merdeka eh dia malah jadi kampus romusha #hadeh,0
Setelah negara yang transaksional dengan rakyat kampus ikut-ikutan transaksional dengan mahasiswa. Hidup #KampusMerdeka,0
jadi teringat sejarah Ohara di one piece ketika pemerintahan dunia gabisa kontrol para intelek dan para ilmuwan itu mau sebarluaskan kebenaran ke publik. malah di buster call(bumi hanguskan) sama kaya di sini politik utang budi terjadi. dan bukan kampus merdeka tapi mereka.,0
mending kalo emang ada keterikatan mitra kaya msib kampus merdeka lah ini magang mandiri. ga semua bisa ngikutin apa yang dosen minta cape bener,0
Merdeka belajar gak real late sama kebiasaan orang Indonesia yang suka buka hp malah bablas buka tiktok.dan temen temenku juga gak niat belajar pas bawa hp.ujung ujung nya foto foto pakek filter super alay.mending kek metode kampus ae lah nyari materi.,0
@UNY_Base i see kampus merdeka kan ya? di beberapa poin gw agak ga sepaham sama kurikulum ini. tapi ini sebenernya upaya buat menjembatani gap yang terlalu jauh antara kampus sama industri. walaupun sarjana diharapkan outputnya jadi akademisi tapi tetep perlu terjun langsung ke industri,1
@wahibmuhibi Iya nih penting banget pemaksimalan bonus demografi. Kampus Merdeka jadi solusi buat ngejembatani kebutuhan tenaga kerja dengan industri. Mantap!,1
@hsnsilly girl.. kayanya bakal engga... we're in kurikulum kampus merdeka rn.. kecuali kebijakan mndiknud ganti lagi ya maybe presentasi bisa dihilangkan..,1
@wahibmuhibi Setuju banget! Kampus Merdeka bisa jadi solusi buat ngebantu mahasiswa yang mau lebih ke praktik langsung. Biar bisa langsung nyoba ilmu yang dipelajari.,1
Ya kalo gitu percuma menteri pendidikan kalian itu bikin kurikulum merdeka dan program kampus merdeka yang fokusnya aja salah satunya buat meningkatkan literasi,1
Bpk Menteri Makarim Sdh Mulai Dgn Benar Kampus Merdeka adalah salah satu program yg utk Mahasiswa siap tempur bgtu mrk whbs wisuda,1
@xyzell11 Apakah kampus merdeka?,0
Tapi ya kayak yang kita tau Kampus Merdeka sangat bermasalah dan mulai ada keraguan di diri gw soal MSIB. Karena gw ga mau bergantung di MSIB akhirnya gw juga daftar magang di digilab BSI yang mana ini program dari prodi gw dengan BSI.,0
@isekaiwarrior @effervcent @UTmenfess Kalo bisa manage waktu dan course yang diambil relevan dan diminatinya monggo coba daftar kampus merdeka. Tapi kalo ga bisa ya lebih baik ditunda aja.,1
@effervcent @UTmenfess kak mjb dong.. kalo ikut kampus merdeka gtu bagusnya dari smt berapa yaa?,1
@sweetiejune_ @UTmenfess sama samaa kak kalo blm kerja. saranku ikut magang merdeka aja. kalo mau upskill ikut stupen. kalo mau fokus akademik iisma pertukaran pelajaran atau kampus mengajar,1
@marsyah___ @UTmenfess ini aku pernah share pengalaman ikut studi independen dengan mitra RevoU nanti bisa dipilih aja bidang yg diminati apa. ada banyak kok tapi rata2 lebih ke teknologi https://t.co/82le89rGli pokoknya tiap semester baru kalo mau ikut wajib pantengin ignya kampus merdeka,1
@marsyah___ @UTmenfess tinggal daftar aja kak di situs kampusmerdeka pantengin ignya https://t.co/boG3eAsgwP buat cara dan info lainnya. durasi programnya 1 semester. nnti pilih mau magang studi independen iisma atau kampus mengajar. aku pribadi ikut stupen. ada seleksinya ya jd nnt pilih mitra,1
@unesa_fess magang riset KKN (4 bulan) kampus merdeka dll. Selama 1 tahun ga pernah ke kampus tetapi UKT tetap bayar full.,1
halah susahnya apa sih emang ngikutin aturan dan norma yg berlaku di satu budaya masyarakat? urgensinya apa sih pake baju yg gak pantes sama occasion-nya? banyak cara lain buat nunjukin kamu merdeka dan bebas pake lingerie ke kampus atau tempat umum BUKAN salah satunya.,1
keputusan untuk mengikuti program-program tersebut umumnya berada di tangan mahasiswa berdasarkan minat dan tujuan mereka sendiri. Menurut peraturan yang ada mengenai program Merdeka Belajar Kampus Merdeka (MBKM) tidak ada... #kemenristekdikti,1
Kurikulum Merdeka termasuk program MBKM (Merdeka Belajar Kampus Merdeka) di perguruan tinggi di Indonesia tidak bersifat wajib untuk setiap mahasiswa tetapi lebih bersifat fleksibel dan memberikan pilihan. Jadi meskipun MBKM menawarkan banyak manfaat #kemenristekdikti,1
korban kampus merdeka pasti relate,0
satu-satunya yang bagus dari pak nadiem cuma program kampus merdeka.,1
Inget banget pas salah satu dosen bilang kampus mengajar th ngalieurkeun sambil beneran seemosi itu dan disetujui sama dosen lain tapi emang semenjak ada kampus merdeka ini kurikulum jadi berubah total dan pas awal semester tuh para dosen pas keliatan banget pusing nya,0
Jangan langsung di-ulti Pak JK entar diserang fanboy Kampus Merdeka,0
Jujur menurutku program merdeka belajar sangat bagus bgt buat anak kuliahan aku udah ngerasain manfaatnya ikut Kampus mengajar dan MSIB. Mungkin jenjang sekolah belum bisa dikasih kurikulum merdeka karena belum siap atau tidak cocok aja. Ya semua ada plus minusnya. https://t.co/osdE9XP2xF,1
@asepchwan @quintessentlal gapapa kak akupun gitu prefer ikut kampus merdeka sih aku kayak pmm magang gitu,1
Kampus merdeka? Apa merdeka merdekanya kontol. Nyusahin iye regulasi regulasi tai.,0
@ajiehatadji huhu kebijakan kampus merdeka yang dibarengin sama kampus ptnbh yang lagi ngejar akre pak jadi ya gitu,0
@wahibmuhibi Iya nih Kampus Merdeka bisa jadi solusi buat ngejar ketertinggalan kita dalam riset. Semoga bisa bawa perubahan positif!,1
Dulu sempet ada keributan tentang mending ikut organisasi atau magang? Terutama karena ada Kampus Merdeka magang seakan jadi trend bersamaan dengan itu ikut organisasi mahasiswa mulai ikut kehilangan pamornya,1
Murahnya nilai IPK sarjana masa kini juga bisa disebabkan oleh kebijakan program Merdeka Belajar Kampus Merdeka (MBKM). https://t.co/UUTmQFfw1x #Opini #AdadiKompas,1
This one. NGESELINNYA ITU GUA LAGI PAKE BAJU KKN ADA TULISANNYA KAMPUS MERDEKA MEMEKKKKK https://t.co/XQoq6CYsGg,0
@ARSIPAJA kan kampus merdeka. bebas lah. anggap aja ikut pemiloe sebagai SKS yg diambil di luar kampus.,0
@guyounan sedih dulu aku sempet protes karena bbh kampus mengajar paling dikit diantara program kampus merdeka lain. ternyata masih banyakan bbh kampus mengajar (1 2jt) dibanding honorer yg fulltime gitu,1
Gesss Gap Antar Gen terlihat jelas JK @Pak_JK sbg tokoh gen baby bommer mengkiritik @nadiemmakarim sbg seorang menteri dari gen milineals. Keyword : 1. Kampus Merdeka 2. Work From Anywhere Gen baby bommer mindsetnya masih offline Gen Milineals mindsetnya dominan online,0
Ini kampus merdeka gue tonjok ya suka bgt ngeinvite meeting last minute,0
Monyetttt kau dpr sampai lu sentuh kampus merdeka kuretakkan ginjal kau,0
@BudiBukanIntel Kampus mengajar bantu sekolah-sekolah terpencil tau :( Temenku banyak yang ngajar di sekolah yang kekurangan guru yang swasta tapi gak narik SPP ... Pengeluaran KM juga paling kecil dibanding program kampus merdeka lain :( Uang saku bulanannya aja setengahnya uang saku msib :(,1
Talk about kampus merdeka dll sebenernya programnya cukup bagus ya buat mahasiswanya mau berkembang dan eksplor lebih jauh (especially my major) tapi kaya kurang aja buat sasarannya,1
Bagus kok ilangin aja semua. S1 fokus ke akademik sekalian penyetaraan D4 beasiswa luar negeri 1 semester buat apa? Banyak program summer camp luar juga dari dulu kampus merdeka hampir sama dgn kkn,1
@lifeofwidy @overthinkerb0y @gongxifdl Kan dananya mmg khusus buat A kita gbsa ganggu gugat dah lah hirauin aja mau org ngmg apa ttg iisma/mbkm/kampus merdeka yaudah biarin aja mo ngmg apa kak. Mrka ngmg bgtu ya krna ga pernah dpt scholarship/ikut exchange program yg di highlight yg jalan nya trs,1
AKHIRNYA SEMPET BUKA NI APP ANJENK ANJNEK KAMPUS MERDEKA APALAH,0
@wilcha_n @jusaplukag @BudiBukanIntel tapi kalo org nya masih itu2 aja sistem sebagus apapun yg di rancang dana dari atas kepotong lah pengurusan yg lama karna panitia yg di ambil kurang memahami belum lagi nepotisme hadeh ga kelar2 karna gue pun 2 kali mengikuti kegiatan kampus merdeka ya lemah nya itu,0
Data ini bisa jadi landasan kenapa Kampus Merdeka itu urgent. Karena pada dasarnya itu juga tools agar targetnya bisa cepat lulus sekaligus punya kompetensi di dunia kerja. Jangan heran kurikulum Kampus Merdeka di Sarjana itu sebenarnya bisa dikatakan adaptasi kurikulum Vokasi. https://t.co/f7LrSB09Ut,1
@um_fess Hueek sama anjir tiba2 semster 5 trus disuruh magang ga daftar smib dan baru nyemplung kampus merdeka trus kre2 an itu semua apa? huhu untung diangkut sm tempat magang ku dulu buat magang lagi,0
@HaveAnEyesDay Pkl belum anggepan baru mengenyam 4smt yg mostly mempelajari ilmunya saja blm pernah praktek blm nentuin konsentrasi jg mungkin. Smt 5 mah sibuk cari pengalaman dg iku volunteer atau join organisasi apply program kampus merdeka jg bisa. Too young for this kind of work,1
: kampus merdeka itu merdekanya apa? : diem : merdeka itu kalo dari bla bla bla...... m nya mulai dari diri sendiri kalo e nya apa? : diem : elaborasi bla bla bla........kalo r nya? : rawr : kocak mana sekelas bareng bialng rawr nya,0
@kumparan @KPK_RI bongkar dong anak² magang Kampus merdeka di DPR yg katanya 50% titipan jastip² gratifikasi udh dari level terbawah njirr,0
Isn't it Kampus Merdeka?,0
sistem pendidikannya sucks kurikulum merdeka gajelas mapel bhs inggris bntr² dihapus kampus merdeka apalagi. dr semester 1 otak udh dicuci magang magang magang ampe semester 7 giliran buat tugas akhir gangerti apa². pdhl kuliah di perguruan tinggi itu sejatinya buat belajar,0
bitter truth of per kariran di indo ini ya gini kemarin gw sempat aktif bagi2 tips juga ada yg komen udah coba semua teknik pun tetep ga mutlak lolos sedihnya gitu bahkan MSIB Kampus Merdeka yg katanya memudahkan budaya hiringnya emang masih banyak masalah di indo,1
kampus merdeka jangan di udahin dulu dong pak nadiem mau ngerasain juga,1
pengetahuan yang diperoleh di masyarakat. Program Kampus Merdeka Merdeka Belajar perguruan tinggi berkewajiban membekali mahasiswa dengan proses magang dan praktik kerja yang menjadi pelengkap kompetensi mahasiswa setelah mereka lulus.,1
@worksfess magang dgn salary segitu ya gede bgtt nder dulu aku magang kampus merdeka di jkt 2.8,1
Alhamdulillah kampus merdeka tetep jalan pmm msib iisma siap ku bantai https://t.co/Ehu8XGX3g0,1
@vwexcellent @BudiBukanIntel Organisasi Kampus aja kalau mau ngadain program kerja aja kudu wajib banget Proker nya harus berkaitan dengan salah satu program Kampus Merdeka.,1
@unicelounge Pengalaman pribadi nilaiku dulu A semua pas konversi jadi B semua plus disinisin dosen. Itu dulu pmm angkatan 1. Ditambah prodiku emg ga begitu ngijinin ikut kampus merdeka.,0
@prkdlx Say good bye to kampus merdeka program bersyukur pernah merasakan,1
@prkdlx takut banget kalo kuota kampus merdeka yang kena imbasnya padahal program ini bermanfaat banget untuk mahasiswa,1
@prkdlx gak kebayang si kalo kampus merdeka nnti kena dampak nya juga yang helas mahasiswa butuh bngt programnya,1
@partofzara Aku kan gelar S. Pd jadi ada program kampus merdeka yang mana jadi tenaga didik dan tenaga ajar di sekolah,1
Dosa gak ya gue nyumpahin kampus merdeka kantor gue bangkrut abisnya kelakuan udh kek taeil anjing,0
eh ini bener aku pernah ikut kampus merdeka yang program kampus mengajar karena nyari sponsor buku susah banget jadilah pake buku sendiri yang memang sudah lama ga aku baca aja ga banyak memang tapi pas aku taruh di rak mereka beneran yang kepo dan penasaran sampe langsung baca,1
GAJELAS BGT STUDI INDEPENDENT KAMPUS MERDEKA,0
enak ya IT mahasiswa skrng kampus merdeka.. trus magang bisa di tempat bergengsi T_T,0
@daceyeo wah kkn berapaa bulan deh??? kukira 6 bulan yang kampus merdeka itu.......baik......sisanya yaa begitulah,0
dapet kesempatan 2 kali ikut program kampusmerdeka sama kemendikbud gua pake buat student exchange sama msib,1
awardee kipk lpdp iisma/kampus merdeka asn/cpns SEMUA DIBIAYAIN RAKYAT.,0
Sesi marah marahan yg ga perlu enakan jg dibuat sosialisasi kampus merdeka atau ga krs skpm juga tu,0
@cholilnafis Kampus Merdeka itu Kampus yg tidak perlu membayar. Mahasiswanya diberi satu laptop satu tab satu iPhone ketika masuk kuliah..,0
usu! kampus merdeka tapi dijajah seni0r situ masih primitif apa gimana? ini udh tahun 2024 loh,1
@cholilnafis kampus merdeka adalah program pemerintah untuk APBN kemdikbud ristek,1
Misal ajaa timeline kampus merdeka jelas aku pasti lagi ngospek maba lagi sekarang. Pengen bgt jd panitia lagii tp gara2 KM kmrn gajelas jdnya ga berani ngambil eh ternyata skrg magangnya dpt di sby juga. Huhuuu pengeeen jd panitia lagii,1
Emangnya MSP masih inget gue demonstrasi green campus aja diancam sama Mukhlis Kamal wkwk kampus merdeka my ass.,0
@cholilnafis Sepakat yayi kampus merdeka tidak bisa memerdekakan pikiran mahasiswanya kerjamagang magang kerja tidak membuka potensi berfikir untuk meningkatkan kualitas fikir dan kuakitas hidup,0
@cholilnafis Kampus merdeka itu MENJAMIN mahasiswanya punya kompetensi yang dibutuhkan dunia kerja. Tujuan orang tua bayar mahal kuliah agar bisa merubah nasib untuk lebih baik.,1
@cholilnafis betul ustadz sepakat dengan ustadz. Kampus yang menghasilkan mahasiswa berpikir merdeka bukan menjadi kaum pekerja,1
Kampus merdeka itu bukan mahasiswa yg sibuk magang tapi kampus yg memberi pikiran merdeka kepada mahasiswanya dan mahasiswanya memerdekakan bangsa dari kezhaliman. Itu hakikat kampus merdeka yg saya pahami. Mungkin ada yg beda definisi ya? . Hidup Mahasiswa,1
kampus merdeka lama bgt dah tlol gw bnrn blm tenang anjing anjing,0
fakta yang mengcengangkan juga sekarang organisasi2 kemahasiswaan (BEM Hima UKM) udah turun banget peminatnya ini realita yang terjadi hampir di tiap kampus sedari awal maba sekarang diarahkan buat mengakomodir kebutuhan tenaga kerja murah lewat program2nya merdeka belajar.,0
ini realita. sedihnya bahkan bem fakultas gue udah gak aktif karena ada kampus merdeka mentok di angkatan gue itu organisasi aktif sekarang semuanya sibuk jadi anak magang di corporate,0
Saya menyadari hal ini karena merasakan sendiri sebagai seorang mahasiswa yang dulu pernah ikut program kampus merdeka ada dampak negatif dan positif yg saya rasakan serta mendengar curhatan adik2 tingkat yang miris karena regenerasi organisasi terancam dan forum diskusi sepi,0
Akan saya jawab kenapa gerakan mahasiswa sekarang dinilai melemah salah satu alasannya karena program Kampus Merdeka Apa itu program kampus merdeka? Kampus merdeka adalah program yg diselenggarakan oleh Kemendikbud supaya mahasiswa dapat belajar diluar materi perkuliahan,0
ditambah adanya kampus merdeka. byk mahasiswa sekarang udh gak peduli politik krn pandangan terhadap kuliah adalah utk persiapan kerja . mental kita udh ditempa buat jd budak korporat. even semester 3 udh persiapan lolos msib dan semester 5 mulai magang.,0
wah iya si bener. mana sih td tweet yg blg mahasiswa skrg gbs demo krn kurikulum kampus merdeka. bener bgt lagi sialan,0
Jika kamu berfikir susuatu itu akan mustahil terjadi.I'm telling you only ALLAH can make it possible. #msibbatch7 #magangkampusmerdeka #kampusmerdeka #indonesiadarurat,1
@palingteguh @jokoanwar ini skema kampus merdeka buat mahasiswa sibuk sampe gada waktu buat merhatiin negara?,0
mff yh gue lagi mau marah bgt mana lagi pms tai lahhh mana berefek ke kampus merdeka juga like.. prioritizing makan gratis over pendidikan and career?? danggg we re so fuckeddd,0
@qwonidin Yg maba sibuk ospek yg pertengahan sibuk magang yg tua sibuk skripsi Kampus merdeka kontol,0
Loh justru ini tujuan dari kampus merdeka bukan? Mahasiswa sengaja dicetak menjadi budak korporasi. Disibukan dengan mencari pengalaman kerja dan ditempa supaya manut dan tidak punya waktu berpikir untuk melawan sistem. https://t.co/SFjsihXBQS,0
Rakyat yg mane? Wkwkwk. Buruh digembosi korporasi pake anceman PHK. Mahasiswa digembosi kampus pake magang kampus merdeka. Sipil digembosi polisi pake gas air mata. MK digembosi pake DPR Perppu bahkan ipar presiden.,0
@yourunni mahasiswanya udah dibikin capek ngejar program kampus merdeka sama iisma,0
Ini para intelek / mahasiswa pada kemana Apa terkubur kurikulum / kampus merdeka #KawalPutusanMK,0
Pengen ikut kampus merdeka deh wekkwkkekewke,1
@ipb_menfess Mahasiswa angkatan 2020 keatas mah kampus merdeka alias budak korporat wkwkw,0
@Aryprasetyo85 @03__nakula @__AnakKolong @akbarfaizal68 @Anak__Ogi @AntoniusCDN @BosPurwa @Muhayya__ @Urrangawak @seruanhl @NgkongRoses Manabisa...mahasiswanya pada kampus merdeka,0
nadiem anjing gara2 kampus merdeka mahasiswa2 pada mager ikut organisasi yang hasilnya jadi pada ga aware dan ga kritis sama pemerintah. beneran dipretelin dari atas sampe bawah sama joko kontol,0
wkwkwk kampus merdeka tai anjing,0
@firabersafari efek kampus merdeka :(,0
Ini yang aku bilang dosa kemendikbud adalah mengusung kampus merdeka yang justru bikin mahasisea ga merdeka sama sekali.,0
@firabersafari Yess true sudah sejak dari tahun 2019 seharusnya kebijakan kampus merdeka ini di kritisi karena dampak ya bisa ke organisasi tapi mahasiswanya pada ga peka dan sabodo teuing :(,0
programnya sih kampus MERDEKA tapi kok WAJIB,0
Stress bngt sm kampus merdeka mau (hiatus) dulu sampe dapet tempat magang sama mau benerin hubungan ku sm tempat kerja bnyk bngt yg kudu ku mulai,0
soooo aku tahun lalu magang msib kampus merdeka kurang lebih selama 5 bulan dan dapat uangnya lumayan. sebagian uangnya aku pake untuk jajan sebagainya lagi aku pake untuk beli emas. terus kemarin pas hang out sama teman disaat lagi foto foto salah satunya ada yang nyeletuk-,1
anjeng dah kayaknya posisi lamaran gue pada dihapusin gara gara posisinya ga penting penting amat. tai kampus merdeka babi,0
Meskipun kayaknya gak bakal ikut magang dari kampus merdeka tapi aku tetep antusias nungguin perubahan statusnya... (Sedih banget sebenarnya tapi mau gimana lagi udah keduluan apply magang mandiri),1
@worksfess Dulu aku magang di smt 5 dan sebelumnya ngga punya pengalaman organisasi jg krn tugas kuliah bikin ngga tidur. Saranku kamu cari magang di tempat yg jelas secara organisasi dan prosedur. Cari via platform Kalibrr kalau bisa malah magang Kampus Merdeka biar konversi SKS.,1
Diakun msib sama kampus merdeka tuh banyak bgt yg komen sama ngeluh eh giliran cek Ig menterinya kok bersih bgttt komenannya ternyata ... Dah lah mau pindah dari Indonesia https://t.co/6h33gMdNtd,0
@crimecoree tapi di indo skema ini ga saklek malah justru kampus merdeka ini bikin profil universitas caur dosen2 gua di kampus itu nolak mbkm terutama magang 1 semester dan itu bisa berkali kali karena justru hal itu yg nurunin profil mahasiswa universitas sebagai peneliti,0
gajelas banget dah pihak kampus merdeka tiba-tiba ngurangin kuota penerimaan dari semua mitra??!!?,0
@akungabutaja_ setau ku yah lumayan karna bakal belajar double dan stupen (studi independen) itu online dan biasanya malam untuk x Zoom gitu krna yah online beda lagi dgn program kampus merdeka yg lain tapi seru kok kalau di kampusku wajib ikut malah soalnya bakal di konversi ke nilai smgt,1
@daisyluev Jbjb mba. Aku kuliah pendidikan kebetulan. Skrg sejak ada kampus merdeka (KM) bbrp mhs ada yg ga ambil matkul ppl krn bisa direkognisi ke KM itu. Jd sebagian ada yg ga pernah ngajar. Sayangnya disitu. Krn KM itu ada yg diinstansi kl ngajarpun di SD bkn SMP SMA,0
siapapun the next mendikbud.mohon jangan dihapus kebijakan kurikulum merdeka kampus merdeka.kalau bisa lanjutkan saja seluruh kebijakan yg dibuat pada mendikbud periode ini.saya kira kebijakan pendidikan sudah on the track dan sudah mendekati filosofi pendidikan yg sebnrnya,1
ningkatin soft skill lewat organisasi aren't relevant anymore i concur kampus merdeka are bold movement from kemendikbud,1
server cacat biro gjls penjurusan kuliah di atur biro stlh lulus ada pengalaman apa? ada tuh pengalaman kkn ga dukung kampus merdeka gaboleh magang dipersulit administrasi,0
@utfess untung ikut kampus merdeka mwehehehehw babai tuton,1
nder better ikut kegiatan kampus merdeka kalo besok kamu sempat. gausah mikirin kata orang lain semangat dan cepat sembuh ayahnya,1
@Polinesmnfs 2 2 nya ber benefit sii.. tp aku pribadi ikut bem dan aku ikut salah 1 program kampus merdeka. waktu interview bener bener dikulik soal bemnya (bs jd slh 1 alasan ak lolos),1
aku ikut UKM tapi lingkungan nya kurang buat aku wkwkwk lebih milih jdi mahasiswa kupu-kupu tpi kmrin ikut program dari kampus merdeka udah cukup,1
baru menyadari bahwa ngampus di kampus merdeka adalah suatu privilege,1
@tanyarlfes bisa banget temenku mipa ambil TI yaa belajar smua dr awal ntr juga adaptasi tp aktif cari kegiatan luar kampus yg mendukung kek magang ikut kampus merdeka dll,1
@matchakiauw ambil aja kampus merdeka ni berguna buat cv nanti,1
- pny tabungan yg asoy gara2 dpt sangu dr kampus merdeka 2023: - Kenalan sm anak teknik ITS (AWAL MULA BADAI DLM HIDUPKU YG TENANG DIKALA ITU) - Merasa sangat dicintai dan bruntung (Alhamdulillah anter jemput mobil dan jd passanger princess pdhl cm lov bombeng),1
@ackermaran sangat rekomen buat masuk start 2023. soalnya kurikulumnya didesain integrated sama kampus merdeka dan matkulnya sangat uptodate dengan kebutuhan industri dan risett terkini,1
@ryuizzee @uda_rifan makanya banyak yang kontra dengan kurikulum merdeka belajar yang berasal dari kurikulum Binus because kurang sesuai hanya kampus elite saja yang cocok dengan kurikulum Binus apalagi Nadiem itu pro Binus,1
@Mdy_Asmara1701 Kampus Merdeka mahal,0
kampus merdeka bapuk gitu masih ada yg ngeblank,0
@butterflewh @konjugasi tergantung ga sih? contoh anak tambang yaa gabisa tiba tiba jadi juragan tambang bikin perusahaan sendiri bro wkkwwk. lagian usaha emang harus berani orang indo ga semuanya berani buat usaha sendiri. karena kan didikan indo buat jadi budak makanya ada kampus merdeka wkwk,0
NEGERI PARA BEDEBAH merdeka-merdeka tujuh mulud.. salah satu kampus negeri di Bdg UKT sama UANG BANGUNAN bayar dimuka mau nguliahin anak jatohnya malah di siksa.. klo swasta faham ini kan negeri.. https://t.co/dbP5ZcLliV,0
Emang paling bener ikut kampus merdeka bisa dapet duit dan sertifikat,1
Program Kampus Merdeka yang bener bener masuk akal dan solusi jangka pendek dan panjang atasi pengangguran dikalangan lulusan S1 adalah MSIB. Pemerintah harus mencari cara untuk menambah kuota dan mengakses mitra lebih banyak juga sistem yang baik dan terintegrasi.,1
Sumpah ya magang merdeka ini timelinenya hancur semua trs mundur. Gue sisa skripsi sama kkn jadi kemungkinan gabisa ikut magang msib karena timeline mundur dan tabrakan sama KKN. Klo mau maksain MSIB pun konsekuensinya lulus telat bener bener gajelas bgt pihak kampus merdeka,0
coba kegiatan kampus merdeka bisa di ambil lebih dari 3 kali kaya nya w beneran udah ngayap kemana-mana asal dosen mendukung deh (kampus merdeka = MERDEKA DARI KAMPUS),1
@chocostudy_ Ikut volunteer online offline nyobain magang unpaid online perbanyak portofolio biar semester 5 bisa ikut program kampus merdeka at least msib atau magang mandiri di company gede,1
Espsesially gen Z dgn program kampus merdeka salah satunya magang org2 fomo magang akhirnya d manfaatin deh sm perusahaan,0
kalaupun nantinya nadiem di reshuffle aku banyak berharap supaya program merdeka belajar kampus merdeka bakal terus dilanjutin karena jujur aja banyak program yang bagus dari sana contohnya kaya msib pertukaran pelajar sama kampus mengajar,1
Pemerintah kalo mau nyetop kegiatan iisma kampus merdeka stop ajaa gausah pake buzzer jelek bgt lo ngebego begoin masyarakat mulu,0
timeline kampus merdeka nih jelek bgt dah sebelga sama ajg sama timeline kampus monangis besar,0
@ZoneVenomWar Makanya gue gak begitu bisa langsung komen karena yg di cuplik cuma anggaran kampus merdeka bukan kementrian pendidikan secara keseluruhan. Anggaran gmn pun pasti dialokasi. Klw gue liatnya ada manfaat nya pun long term tapi pemerintah harus jelas juga awardee harus ngasih apa.,1
@fellizzie oh tp keknya ga segampang itu sih lgsg berhentiin semuanya tapi wish for the best sih karena program kampus merdeka bagus bagus cuy,1
PLS JANGAN DIUBAH SAMPAI GUE LULUS GUE MAU NGERASAIN KAMPUS MERDEKA,1
Telat kampus gw ngecancel semua mahasiswanya yang ikut msib. Udah gak sesuai kalender akademik. Tapi hari ini gw sebel bgt soalnya admin msib tetiba ngirim beginian seakan bilang nih kampus ini bisa contoh aja Wkwkwk capek emang ikut kampus merdeka dapet ampasnya doang https://t.co/x3FLd0GL2f,0
@untirtafesss Gapapa nder aku juga ikut ukm dan itu semester 6 tapi aku aktif ikut kampus merdeka,1
Tergantung gimana kondisiku ya by tapi mostly iya lu bayangin bae kalo adminnya kaya cs kampus merdeka beh mending gue goreng krupuk bareng andika perkasa,0
kecewa beradddd brok sama kampus merdeka https://t.co/27WCsyj1lk,0
kocak bgt aslinya gw ga terima sih kampus merdeka harus kasih solusi sih buat mahasiswa yg pada bentrok sama krs an,0
@tickinclock ASLI IYAAAA GONTA GANTI TERUS IA PDHL PROGRAM KAMPUS MERDEKA INI UDH BAGUS2,1
@selistudytwt iyaa yang kampus merdeka masih isu blom diresmiin beritanya semoga gajadi yaa,1
@fluffyh00man kaaa ini bener bgt aku gamau mukul rata. Tapi overall 90% temenku dan kk tingkat yg udh ngerasain kampus merdeka blng ini bnr bnr ga worth it,0
aduh lemes banget kalau program kampus merdeka beneran distop,1
ini klo smpe porgram kampus merdeka di berhentiin sih gws banget nih negara,1
jgn stop program kampus merdeka pls..,1
@goldydharmawan @mercbrah @Kemdikbud_RI Adain dong Kampus Merdeka @gibran_tweet @prabowo PLEASE PAK,1
@tanyarlfes sebagai alumni 2 program kampus merdeka ini bnrn membantu bgt sihh,1
@mysyouz Gaa semuanya gtuu yaa. Aku sebagai alumni MSIB benar2 ngerjain semuanya dari awal sampai akhir dan itu tugas individu. Ada pun karyawan tetap itu cman sebagai mentor klau kita butuh konsultasi. Mungkin lebih tepatnya pihak kampus merdeka perlu lebih ketat lg untuk mitranya,1
@Kemdikbud_RI @puslapdik MSIB gimana min? Plis jangan suruh kontak kampus merdeka karena mereka bodo amat sama kesulitan mahasiswa!,0
Damn gw speechles liat rumor kampus merdeka mau dihapus.... antara sedih sm seneng,1
@maulanafikri455 Merasa beruntung banget dulu sisa sisa akhir semester bisa ngerasain program MSIB karna angkatan ke 2. Rada iri dengan adik tingkat yang bisa ikut program kampus merdeka beberapa kali karna syarat ikut adalah mahasiswa aktif,1
Disorientasi nilai kebijakan kampus merdeka. - Masalah kerja tak selesai dgn membuka magang merdeka yang kuotanya tak sampai 1% dari total mhs indo - Mau naikin exposure inter tapi segmented ke orang latar belakang high class buang-buang duit,0
@hrdbacot kalo sampe semua program kampus merdeka dihilangkan agak gmn gitu dampak dari msib yang gw rasakan bener² bantu banget buat kita dapetin skill² yang agaknya tidak teepikirkan olehkita sebelumnya karena biaya namun dengan adanya msib gua bisa memperdalam skill yang gw butuhkan,1
Terlepas dari kritik mengenai program kampus merdeka Itu yang nyebar berita bahwa kemdikbud lg di periksa bpk pertama kali harus dilaporin Bikin peserta yang digantung jd resah brengsek,0
ngomongin k.merdeka wkwkw jd keinget udh daftar magang kerjain tes dsbnya ga lolos cm krn masalah kampus g elligible,0
udah terlalu banyak rumor tntng kampus merdeka dr kemendikbud blum ada pnjelasan yng mempuni malah makin ngawur dah orang2 ini.,0
Mahasiswa pikirannya masih labil overproud dgn ikutan program pemerintah hsilnya cuma mikirin diri sendiri. Lulus program kampus merdeka itulah yg berbahaya. Karna udah sibuk magang muncullah mindset ngapain gw ikut ini itu mending magang.,0
setelah denger kabar tentang msib berpotensi diilangin jadi kepikiran angkatan 2020 lucky juga ya - masa sma kepotong covid cuma di ujung - UTBK/SNBT cuma TPS - masih kedapetan kampus merdeka not trying to jinx it but damn alhamdulillah we re lucky,1
Bangke magangnya agustus sampe september seleksinya. Sedangkan di kampus aturannya gw harus udah dapat magang sblm tgl 15 agustus klo nggk bakalan dipilihin kampus sendiri. Makasih kampus merdeka,1
kl sampe program kampus merdeka diapus gw uda gatau lg si apalagi yg bagus dr pemerintahan sini,1
Sebenernya yang disesalkan mahasiswa indo tentang kampus merdeka batch 7 ini ya karena gk ada kejelasannya itu. Klo misalnya ragu yaudah dari awal bilang aja cancel untuk tahun ini. Biar mhs bisa nyiapin backup plan jauh2 hari entah stupen atau magang,0
@Kemdikbud_RI MSIB gimana min? Plis jangan suruh kontak kampus merdeka karena mereka bodoh amat sama kesulitan mahasiswa!,0
Demi skor/nilai rapot kampus di kemendikbud bagus mahasiswa-mahasiswanya diberlakukan romusha untuk mengikuti kegiatan dengan embel-embel merdeka,0
Kampus Merdeka ??? Merdeka belajar ???? Bukannya seharusnya bebas menentukan pilihan kita? Untuk ikut program tsb atau engga bukannya kita dijadikan merdeka untuk bisa milih kemauan kita kayak gmn? Kok jadi diwajibkan dan seakan akan dipaksa untuk mengikuti,0
@hyelmu kampus merdeka ya?? mending magang mandiri aja dah ga jelasn gitu anjrit gue liat2,0
@ kampus merdeka super LELET ️,0
kampus merdeka downfall era,0
hah........... apparently...... ad rumor kalo kampus merdeka dicancel..... gaada iisma...... gaada msib....... lalu ak ngapain kuliah di indo kocak.....,0
terus well kamu pernah bilang kalo kita gaboleh sia siain kesempatan karena itu tu previlege itu tuh bener bener membuka pikiran aku kalo emang kita tuh harus berani. temenku kmrn lulus program kampus merdeka gitu dan aku nyesel kenapa kmrn gadiambil kesempatan e,1
@zahraamalias Pantesan pejabat suka menyulitkan rakyat ternyata lulusan pendidikan universitas di Indonesia emng diusahakan agar mempersulit kehidupan org lain kali yak?. Semoga implementasi kampus merdeka bisa diterapkan scara keseluruhan biar merevolusi pendidikan gaya penjajahan yg busuk it,1
anjir I might ve found out the reason behind ketidakjelasan kampus merdeka batch ini,0
kalo awal agustus kampus merdeka masih blm buat announcement sumpah anjing bener,0
kampus merdeka downfall era fr,0
@fachrianantyo Ini yg bobrok emg se msib nya sih bang se kampus merdeka nya gajelas,0
manifesting kampus merdeka ga dibubarin ya Allah aamiinnn,1
@ohmynaez @cmdcuy2 @Kemdikbud_RI kalo buka sih sama pertengahan emang nyatanya batch 7 mundur jauh harusnya sekarang proses seleksi eh malah data ditahan sama pihak kampus merdeka,0
kalau program kampus merdeka jugaaa superr kerenn sayangnya aku wisuda pas kampus aku baru mwnerapkan kurikulum itu jadi ga bisa ngerasain tapi liat igs atau updatean adik tingkat program kampus merdeka SUPERR KERENN!!!! untuk adik SMA asli kurikulum merdeka itu seruu tauuu!!!!,1
gausa buat program kl ditelantarin gni anjir gjls bgt kampus merdeka aneh,0
@midnsnsak bau2nya program kampus merdeka ga akan dilanjutin di pemerintahan selanjutnya lumayan kan dananya bisa dialokasiin ke makan siang gratis Rp15.000. mungkin mendikbudristek bakal balik lagi ke orang yang berpengalaman di bidang pendidikan tapi programnya ga menarik (?),1
program kampus merdeka periode semester depan knp ga jelas si,0
Sesimpel bikin kejelasan soal tertundanya byk program aja gabisa. Malah sok2an bikin konten soal upgrading. Paling tai sih acara yg baru mereka bikin. Dikira korban (re: peserta kampus merdeka) bego kali ya kek mereka. Dikira dikasih Sal atau Marchella bakal tutup mulut. https://t.co/m7fiD2kpZB,0
tolong dong kejelasan MSIB nya @KampusMerdeka kt juga butuh kepastian buat magang,0
@convomf 5. Semester 4 klo mau lu coba pegang jabatan penting di HIMA/BEM. Kalo nggak lu coba ikut projek kampus lain/ mulai cari info magang. 6. Semester 5-6 lu daftar magang merdeka. Nah fungsinya lu ikut projek dan orgnisasi itu buat cv lu. 7. Semseter 7 ajuin judul,1
kampus merdeka bubar! https://t.co/6f305LmxO5,0
Aktif organisasi sama kepanitiaan boleh. Bolos kelas sama titip nama di tugas kelompok lebih baik dihindarkan. Kalo kalian gak minat organisasi/kepanitiaan bisa juga aktif ikut lomba atau ambil magang bahkan sekarang ada banyak program bagus dari kampus merdeka,1
@khusete @hrdbacot ekspresi pack menteri pas bilang sunib adalah percontohan bagi kampus merdeka https://t.co/s20d6bddSx,0
@anak_legal Apalagi yang program magang kampus merdeka aku nggak tau sih itu apakah mereka yang magang lewat msib dikasih uang saku atau nggak,0
@nabiylarisfa Dunia akademik model penjajahan ini yg seharusnya segera diganti secepatnya dg sistem kampus merdeka. Tpi kampus bnyk yg gk mau karena udh terbiasa di zona nyaman dan minta diagungkan layaknya majikan,1
@TMIHARINI pak men hrsnya urus ini dlu bkn kampus merdeka:(,0
@lithelylethal padahal as simple as orang ngejoki punya duit itu aja udh tanda bahwa ini udh sampe ke ranah kesenjangan kelas. Belum ke sistem pendidikan yang emang udh di industrialized. Expect apa dah lu pada dari kampus merdeka,0
hadeh kampus merdeka kampus merdeka... ga profesional bgt ngasih timeline,0
Dan gue rasa program Kampus Merdeka bener-bener ngerusak kultur akademik di Indonesia. Banyak mahasiswa sekarang fokusnya gimana punya experience yang bagus dipake di CV biar bisa dapet kerja dan bukan fokus eksplorasi akademis mereka. Informal mentorship jadi semakin berkurang,0
Sebenernya ni msih gmana sih? Makin aneh dri yg timeline berubah trs timeline ilang tiba jadwal mundur jauh bgt jdi 31 agustus trs server error ni kampus merdeka ada apa deh,0
@wayangtl Rp 1.200.000 Gaji pertama dari program magang kampus merdeka untung magangnya full online ya jadi worth it lah,1
Mampus data gue ada CIL semua gara² Kampus Merdeka wkwkwk,0
@convomf Ak ikut salah satu program kampus merdeka jadinya nyantai aja yg hectic ni smt 6 bjir di hantam tugas detline laporan proposal kepanitiaan kocak ak sampe sakit,1
Kampus merdeka please do something bro. Tgl 15 agustus klo blm ada penerimaan / penolakan kampus gw nempatin di mitranya woy. Dan itu gw gk tau dapet dimana:(,0
@Hydepky1 @bacottetangga__ Kampus merdeka ? Merdeka ngilangin kewajiban skripsi bgi mahasiswa ? merdeka ngilangin kurikulum dasar bahasa Indonesia &amp; pendidikan Pancasila dlm pp 57/2021.. bangun bro.. jgn cuma mimpi basah doang luh..,0
@areajulda @cestkirei @nadiemmakarim @KampusMerdekaRI Saking lamanya nungguin kampus merdeka sampe sempet jadi streamer dulu yee jull,0
@DenasIdn1 @bacottetangga__ Lu gk liat tuh bnyk program kampus merdeka yg sudah berjalan lama itu lu kata gk ada prestasi tolol bngt nadiem gk ada hubungan nya dengan masalah personal mahasiswa mau mereka ketmpt apa kek terserah mereka jgn dikit akhlak dikit akhlak tod,0
Pengalaman bermula ketika aku ikut kompetisi Gojek Campus Ambassador ternyata perolehan point ku terbanyak ke 3 sedepok. Dan ternyata aku dijadiin kandidat untuk internship via Kampus Merdeka Turns out aku lolos dan berhasil dapet internship oppurtunity di Gojek!! https://t.co/f02dSCeNCI,1
@convomf pengalaman smt 5 ku have fun bgt soalnya ikut studi independen kampus merdeka,1
@tanyarlfes Sy SMA pake KTSP kuliah belajar K13. Skripsian tbtb covid ganti jd kurikulum k13 revisi tbtb ganti jd k13 biasa tbtb jd kurikulum merdeka. Skrg bapak mau hapus kls IPA sedangkan itu prodi saya di kampus Klo kelasnya dibubarin mendadak trs sy mau penelitian apan pak,0
Sebagai yang dulunya pembela kampus merdeka.... sepertinya akan kutarik kata kataku,0
Serius tanya intern jaman sekarang tuh ga pas semester 3 semester 5 atau semester 7 kah? Atau Kampus Merdeka gitu? Studi Independen? Gajinya pasti under UMR tapi kalian pernah tau ada internship malah suruh bayar ga sih? ((jaman sekarang)) I'm a millennial so enlighten me,0
@aditaviasti @cestkirei berarti emg krn ga professional dan ga kompeten aja yahh kampus merdeka nya,0
@cestkirei tp balik lg sih kak aku gatau info ini valid apa ngga tp dosen pembimbing dari msib pun sampe hari inii msh remind tmn2 yg lain buat kumpulin laporan akhir rese bgt sumpahh sebel diundur mulu kebiasaan bgt kampus merdeka gabisa kasih kepastian,0
maka dari itu mohon untuk memberikan update mengenai program Kampus Merdeka se-segera dan se-detail mungkin sebelum timbulnya asumsi liar dari pihak yang dirugikan kalau program ini berlanjut kabari. kalau beneran di cancel mohon dikabari juga terimakasih dan semangat min https://t.co/S21OvOEAdF,0
saran saya lebih baik updatenya disuarakan melalui setiap platform. termasuk dari website kampus merdeka instagram dsb supaya informasi dari Kampus Merdeka lebih tersampaikan.,0
maka dari itu saya menghimbau kepada pihak penyelenggara Kampus Merdeka untuk segera memberikan update timeline setiap program secara jelas konsisten dan konkrit supaya peserta juga dapat mempersiapkan setiap tahap seleksi dengan baik,0
@5teV3n_Pe9eL Orang bisnis yang sekolahnya gak full di sekolah negeri Indonesia disuruh megang pendidikan Indonesia Program kampus merdeka jor joran tapi sekolah reguler entah mau dibawa ke mana,0
Kampus merdeka merdeka belajar..... Dosen belum merdeka #DOSENPAYLATER,0
tolong banget kampus merdeka benerin data lo gara gara kasus hack data pemerintah data mahasiswa jadi kacau ditambah minimnya informasi batch 7 jadi diundur terus malah skrg yg diurus batch 6 mulu hadeeehh,0
@mikachi_ara Pembayaran juga telat dari yang direncanain (beda BBH cair aku sama anggota kelompokku aja 3 minggu bedanya) Mending kalau ikut kampus merdeka jangan yang ngajar sumpah,0
di masa transisi kayak gini program kampus merdeka jd digantungin deh kalo emg msib batch 7 bakal diapus kenapa dibuka dr awal,0
Kek sumpah skrg gue ngerti kenapa kampus merdeka nih bener2 anjync cuma keliatan bagus doang kesannya mikirin kesiapan dan pengalaman ternyata cm jadi alesan dapet *free* overexploited labour karena nasib kita semua literally digantung dan kita gabisa ngelak kerjaan apapun,0
Hanya bagian kecil Merasa paling wah dgn nama kampus yg besar 2023 jd thn trkhr kami memberikan donasi buku ke anak kkn dr kampus TERBESAR di jogja mrk sdh sepakat dgn sk yg km berikan tp tdk menyelesaikannya Miris fomo gr2 kampus merdeka sampai ada yg minta sponsor https://t.co/HgNjdQ4KrJ,0
gw liat² nih kampus merdeka ngurusin msib 6 mulu msib 7 nya ga kelirik mana diundur² mulu timeline nya,0
@ardisatriawan Memang aneh kerja di negara ini paling ga make sense adl fresh graduate tapi pengalaman kaya nabi. Bahkan di kampus merdeka yang buka untuk smt 4/5 aja dibutuhkan pengalaman kerja 1 tahun kan masih kuliah ya. Fresh graduate juga kan baru selesai kuliah pengalaman dr mn?!?!?,0
Nadiem lah yang membuat segalanya demikian. Karena Nadiem menggelar program Kampus Merdeka. Salah nggak program Kampus Merdeka? Ya enggak karena berkat program itu pula mahasiswa lebih mudah mendapat pengalaman kerja dan insentif. Program itu terbukti membantu mahasiswa-,1
yang eksploitasi anak magang kampus merdeka juga ada hihihi,0
i beg u KAMPUS MERDEKA plis pengumuman msib sebelum Agustus. KEBURU MASUK KULIAHHHHHH,0
ini tu akar masalahnya krn kampus merdeka + uu ciptaker kah? klo iyg mmg nadiemakariem hyperexperimenting the hell out of this country huekkkk,0
sumpah bner yg kemaren ada twt yg bilang iklim kampus merdeka ini bikin kita melewatkan masa menyenangkan di kuliah. sekarang serius jatohnya kuliah cuma balap balapan banyak banyakan magang,0
@hrdbacot Tp jujur Lagi kurang sdm lebih enak memanfaatkan batch kampus merdeka. Mereka dibayar kita dibantu.,1
@munvess kampus swasta no #1 QS WUR 2025 dan menerapkan kurikulum merdeka belajar,1
Ya inilah akibat kebijakan magang di Kampus Merdeka.,0
@xnopzx macem kampus merdeka gitu ya berarti internship-nya kayak bagian dari program uni dan bisa diconvert ke kredit semester,1
somehow merasa bersyukur karena angkatanku angkatan terakhir yg gak kena kampus merdeka :'D,0
Kampus merdeka bikin mahasiswa yg gak magang itu rasanya kayak terbelakang. Padahal mahasiswa mah harusnya fokus belajar aja,0
Masih inget banget ada posisi magang di kampus merdeka yg pake syarat gini wkwk meanwhile upah buat magang merdeka di kisaran 2jt-an + target pasarnya itu mahasiswa :D,0
oalah.. makanya ngerasa bgt anak kuliah jaman skrg gaada yang ga kerja ternyata bagian dari sistem kampus merdeka tohhhh,0
Tapi karena kampus merdeka aku malah ngerasa kuliah lebih worth it. Dari program²nya aku bisa ngerasain banyak pengalaman yang kemungkinan gak bisa aku dapetin dari organisasi.,1
lagian kenapa coba ga dimaksimalin aja di vokasinya? kalau kayak gini semua semua magang terus yang sekolah vokasi kek gue gini makin ga laku aja dong? ya gue tau kampus merdeka tuh pilihan. tapi ini semua tetep salah pemerintah yang bikin keadaan mahasiswa dituntut magang,0
engga juga sih. karena program kampus merdeka gue bisa istirahat hidup tenang 6 bulan jauh dari lingkungan kampus yang kayak kntol itu and it was such a great experience too,1
Paling nggak setuju kalau kampus merdeka itu dibilang program merengut kebahagiaan. Lha wong namanya saja sudah merdekaaaaaa.,0
@shescaredycat @Nathanieldrich @unsmfs Aneh bgt PT nya padahal dri Kampus Merdeka udh ngebikin gampang gapake SPTJM fisik malah masih dimintain... Harusnya klo emg butuh bukti ss status rekomendasi yg disetujui aja cukup nder,1
@partaer @fleyura IISMA bisa kok convert SKS karena dia itu program kampus merdeka tapi kamu baru bisa ikut IISMA di smt 6 dan kamu akan di hadapkan pilihan sulit..mau MSIB atau IISMA di smt 6 hehe...,1
@CNNIndonesia 10 tahun menjabat program pendidikan paling revolusioner Kampus &amp; Magang Merdeka sih. Bagi jurusan tenaga ahli ini bener - bener modal portofolio &amp; gudang skill yg bagus banget.,1
juara 1 olim matematika udh sempro di sems 6 3 x ikut kampus merdeka hobinya main game tpi ttp dpt achievement dr hal itu sampe skala internasional DAMN,1
Sumpah demi apa mundur lagi??? pantes perusahaan yang ku lamar belum ada yang di proses #msib #msibbatch7 #kampusmerdeka https://t.co/BnIhofNiw2,0
@nuvillaera @nectearv @bacottetangga__ Well kampus jga ngasih wadah buat para oknum terutama rektornya karena katanya ini kebijakan baru kan dri sini hrusnya sadar lah namanya PTN ya wajib merdeka belajar bukan apa-apa harus bayar,0
Sekolah dibingungkan zonasi UKT mahal tapi menterinya menyarankan pinjol pas udah kuliah disibukkan MBKM yg tidak berguna mahasiswa dibuat sengaja sibuk dg demo UKT mahal dan kegiatan kampus merdeka yg ga penting dan masih bilang miris?,0
MSIB mangkelin banget gw benci banget nget nget. Bisa bisanya dari yang pengumuman akhir juli jadi akhir agustus???? gw mandiri aja deh cok daftar magangnya kampus merdeka ga guna,0
@saiful_mujani Ini tdk tjd tiba2 kok sdh dimulai sejak diknas dijadikan alat o birokrat partisan. Tiba2 sisdiknas nuansa eksklusifpun lolos dan hasilnya nampak belakangan di survei2 bgmn persepsi murid thd kebebasan berfikir. Nadim yg berupaya dg 'kampus merdeka'pun kesulitan ok dijegal.,0
Impactnya jauh lebih besar karna selain bisa mengamalkan nilai pancasila generasi muda ini bisa lebih paham sama realita di indonesia . Bukannya apa2 gemes juga liat program kampus merdeka malah kaya kampus dijajah.,0
@PNGMAFIA_ Loh iya tho? Saya kira BRIN malah 'ramah' dengan mahasiswa ditambah kampus merdeka lebih ramah lagi ternyata malah sebaliknya. Tapi ya itu efek buruk penyatuan lembaga riset yg terlalu cepat dan dipaksakan bikin ambyar semua. Coba jualan risol mayonya di lokasi riset BRIN hehe,0
@washap_ Sepakat mas paling gampang contoh kasusnya ya mahasiswa magang. Dulu banyak mahasiwa bisa magang atau pkl di balar tanpa fafifu kampus merdeka. Sekarang brin eksklusif banget buat kalangan mahasiwa jadi bancakan kampus luar negri mahasiswa arkeo indo jual risol,0
Masuk PTS jelek emang takdirnya gitu tapi bisa dapet opportunity ikut banyak program dari kampus merdeka meskipun kemusuhan juga tapi ya lumayan untuk di CV kepake banget alhamdulillah karena pengalaman ikut program tsb belum lulus official udh dapet kerjaan,1
Lalu di mana esensi Kampus Merdeka jika dosennya tak bisa berpikir merdeka? https://t.co/84S3kEJaJm #Opini #AdadiKompas,0
@um_fess baiyohhh bakno arek bendero biru koneng wkwkwk tiati rek tak pikir nang kampusku seng lawas tok problematik ormek e ternyata nde kene pisan ojok gelem nek dipingin2i jabatan atau duwe relasi wong2 gede teko organisasi iki mending meluo kegiatan kampus merdeka lebih jelas,1
@ili_pirli Bukan unpaid lagi Kak. Malah magangnya nggak dibayar itu sama program kampus merdeka.,0
Belajar buat test hari Selasa banyak materi soal Kampus Merdeka jadi paham undang-undang apa aja yg diubah dan gimana celahnya ️ Kek kalo di negara maju di mana industri dalam negri banyak R&amp;D dan aktif kerjasama ama kampus sih oke ya ini. Lah ini diterapin di Indonesia skrg?,1
@futfunplay @robby_karman @tanyakanrl Tenaga kerja yang siap buat bekerja tapi gak sejalan sama visi misi kampus yang berdasarkan tridharma perguruan tinggi di mana perguruan tinggi berkewajiban menyelenggarakan pendidikan penelitian dan pengabdian ke masyarakat. Karena ada program magang kampus merdeka calon-,0
@futfunplay @robby_karman @tanyakanrl Tapi apakah dengan pengalaman dia diriin GO-JEK itu relevan sama menteri pendidikan? Kan kagak. Makanya beberapa program dia itu gagal karena dia orientasinya cari untung bukan pure untuk mendidik. Contoh kampus merdeka mungkin bagus kalo Indonesia goalnya cuma mencetak calon-,0
Alhamdulilah wishlist sudah terceklis terima kasih kampus mengajar telah memberikan kesempatan untuk aku belajar diluar lingkungan kampus #kampusmerdeka https://t.co/7BcARZWn43,1
@matonskyyy katanya sih kampus merdeka tapi yg merdeka cuma metode belajar,0
@finskk Kampus merdeka cuma slogan,0
HAHAHAHAHA bahkan seleksi magang kampus merdeka aja lebih susah dari pada seleksi menteri,0
@PolJokesID Ini juga ada di peogram kampus merdeka gw keterima salah satu magang berserikat disuruh bayar buat ujian BNSP tapi boleh make spaylater,0
guys buat yang masih kuliah kusaranin kalian magang (entah itu kampus merdeka ataupun mandiri) dan rajin dokumentasiin projek apapun yg kalian kerjain buat nambah portofolio (tiap semester ada gitu jadi nanti bisa kalian pilah-pilah dan biar lebih enak buat ngulas lagi),1
acara kampus merdeka iki repot semester 5 6 gaoleh nak kampus. alhasil podo bingung pindah kos taun ngarep nggolek kos maneh. repot. ruwet. pindahan,0
UKT mahal tapi bayar gaji karyawan suka-suka kadang tepat waktu kadang telat emang kudu banyak bersabar kerja di perguruan tinggi ini #kampus #UKT #kampusmerdeka,0
@soonbagp Sebenenrya gimana2nya balik ke diri sendiri ya tapi kalo masuk uin kamu ga punya banyak kesempatan kek kampus2 lain. Kyk ikut kampus merdeka atau program program bagus lainnya buat ngembangin diri kamu. Itu sih yang aku rasain,1
@um_fess Entah ya apakah kampus merdeka juga kebeban pdn ini institusi pusat semua lagi riweh,0
akhirnya balik karanganyar cihuy memanfaatkan tiker gratis dr pemerintah (privilege kampus merdeka),1
@milov023 @nyuwiforlifeu jadi kak aku juga udh nyerahin pengunduran diri dan ada tiket nya tapi sampai sekarang status nya ga berubah. Aku hubungin helpdesk kampus merdeka juga disuruh tunggu terus,0
4 matkul doang jir konversi kampus merdeka jg langsung aman,1
https://t.co/pqNURFszns ni jelas2 nama yg ada di bagian header berita tu udh pasti nama penulis. kl ikut kelas bikin web kebanyakan ngasih contohny pake web portal berita nah itu dari yg paling ecek2 gratisan di yt ampe sekelas bootcamp kampus merdeka ya ky begitu semua wkwk,0
@snowiesthann Seru si bisa msib. Apalagi klo kampus merdeka ikut 2x program,1
Program magang kampus merdeka aja banyak yang kontra,0
Kampus merdeka is really more sick. 2.5 belajar 1nya magang. Udah diburu-buruin matkulnya jadi harus bener-bener punya basic skill kalo mau kuliah. 3.5 tahun kuliah cuy udah bisa S1. Dulu S1 3.5 tahun adalah suatu kebanggaan sekarang biasa aja karena udah banyak yang nerapin.,0
Dan si bbg keren banget dia ngambil kampus merdeka kelas bahasa Mandarin emang pinter gei yg satu itu,1
@lowongandosenx Sdh dibilangin sama Mas @ardisatriawan #JanganJadiDosen msh saja keukeuh ikut CPNS dosen.. Mamam aja tuh scamming dari @Kemdikbud_RI @kempanrb.. Di balik Merdeka Belajar Kampus Merdeka ada dosen yg kerja rodi dan Cultuurstelsel..,0
@DraftAnakUnpad Tergantung jurusan nder tapi kalo di fakultas yg masih primitif (ytta) mending gausah saran gw mending prepare untuk kampus merdeka dll yg lebih ngasih manfaat nyata (based on experience ya),1
big thanks kepada kampus merdeka yg bikin cpt bgt kelar kuliah jaman skrg,1
tp memang benar semester 4 IP tuh turun padahal semester 4 tuh semester paling ter awikwok dan capek bgt MAKANYA SEMESTER 5 DAN 6 GW KABUR IKUT PROGRAM KAMPUS MERDEKA[walaupun sama-sama stress setidaknya nilainya gak awikwok],1
@ariisofyan11 apalagi dengan sekarang ada program kampus merdeka mahasiswa diberikan kesempatan seluas luasnya untuk eksplor bidang yang diminati.,1
bgst bnr form evaluasi kampus merdeka ni kebanyakan takunan nya. minik lalu muar nd nd isi sangat setuju semua https://t.co/MY133yVfSu,0
@WatchmenID Untad gaada soalnya lagi pada sibuk ikut program kampus merdeka terus terkendala dosen dengan konversi nilai dan sks.,0
@peceljanganan @utfess Terus pas udh ga covid ikut kampus merdeka 2x lumayan bgt tuh ipknya ntr wkwk,1
Penyesalan terbesar gua bgt pas kuliah ga aktif nyari volunteer atau program2 kek kampus merdeka/magang merdeka ‍ Nyesel skrg,1
ini kawanku udah ikut kampus merdeka magang msib trs skrg exchange ke china? hoki banget deh,1
@nnystudy yg kayak aku pmm kampus merdeka. ayo cobaaa seruuuu!!!,1
SEMOGA UI AJA DH WJWKLWKW KUPERJUANGKAN PROGRAN KAMPUS MERDEKA ITU,1
*sedikit funfact nim yang pertukaran kampus merdeka biasanya depannya 100 jadi *100XXYYY,1
cuma mau fokus kuliah aja. paling ga ya ikut kampus merdeka aja,1
Dan alhamdulillah kalau beruntung Teman-teman yg ikut program kampus merdeka tentunya bisa lebih dilirik sama hr setelah lulus kuliah nanti. Duh jadi kemana-mana intinya buat yg masih males kerja abang ojol yg udah kerja jadi ojol aja masih giat nyari kerjaan buat hidupnya..,1
@kompascom Kampus merdeka serasa dijajah sama utang.. miris..,0
@AldiMaulana661 @trkloveiie Setau aku kalau bol itu bekerja sama dengan kampus merdeka jadi kalau mau ikut bisa aja buat tambah pengalaman tapi untuk magang/internship tidak diwajibkan yah. https://t.co/gX4hyYwFlr,1
@meyiauaua Vokasi sayang bgt fast track mending ambil coba kampus merdeka dulu,1
@unjsecret semuanya bisa kamu counter sama keaktifan kamu di kampus koq kamunya yg harus kerja lebih keras biar bisa setara sama para top university itu : )) ikut kampus merdeka lomba volunteer magang organisasi dll biar nambah pengalaman hehew mangat nder ak jg pernah minder,1
jujur sedih tahun ini gak bisa nonton dulu karena target tahun ini kayaknya fokus studi kampus dulu setelah gw 1 tahun gak kuliah di kampus alias berkelana ikut program kampus merdeka... Have fun Moana yg nonton Oktober nanti! Tahun depan semoga ada tour lagi dan ke indo,1
1. gak punya gedung (wtf pisan???) 2. kurikulum boomer 3. oknum dosen pemalas 4. tidak support kampus merdeka even ikut stupen BANGKIT!!,1
@dioasharw 3. Kampus Merdeka bikin mereka jadi ngga itu nikmatin kehidupan berkampus yang normal mengingat tuntutan buat magang makin tinggi 4. Employer banyak yang ngasih kerjaan subtantif ke pemagang secara diam-diam yang sebenarnya ilegal. Bahkan ada yg workforce utamanya pemagang.,0
wkwk gua dulu jujur tau cv ats aja di tahun 2022 karena jaman kuliah bener2 bablas pol gatau apa2 kating jg gapernah cerita2 di kampus pun gaada acara2 gt. Skrg ada iisma merdeka belajar ya bagus si dulu susah bgt info2 gt,1
mbkm is fun until lu ngerjain laporan dari kampus kampus merdeka perusahaan,0
@albatrousss coba dicek itu msib juga kena imbasnya xixixi (semua program kampus merdeka timelinenya dimundurin),0
@DosenGarisLucu Bayangin saja Trisakti saja belum bisa bangun dikampus Nagrak kalah Ama Binus yang sudah bangun kampus dimana mana akreditasi internasional banyak kampus cabang kuliah serasa di FTV apalagi kurikulum merdeka belajar = kurikulum binus,1
ikut2 kegiatan dari kampus merdeka huhuuu masih bertanya tanyaa apakak gue bisa merasakan hal itu???,1
Mikirin masa depan gamood gini.. pengem banget ikut magang merdeka dari dulu ya allah tp wktu itu pas smt 5 gadibolehin suruh fokus belajar skrg smt 8 mo nyoba magang merdeka udah chat² org kampus di R tanya dospek gatau dpt kabar kaprodi lg di luar kota,1
Sumpah kalo ga magang dari kampus merdeka... Masa magang ordal... Gamau ya Allah :(,1
terima kasih untuk transparansinya ya perusahaan yang terang-terangan enggak ngasih upah ke anak magang di website kampus merdeka,0
Kampus merdeka di DPR ini aneh banget bikin kantor penuh sama mahasiswa terus pada berisik lagi di lokasi2 yang harusnya silent hufttttt nadiem do you have at least one single policy that s at least mediocre? Not good just mediocre.,0
Keren banget ya rezim ini udah separah itu tapi politisi seakan dianggap diam wakil rakyat apalagi akademisi dibungkam emang yang kemaren ada dampaknya? Ada awareness masyarakat masyarakatnya gimana? Dibungkam. Mahasiswanya? Sibuk kampus merdeka terus siapa yang mau,0
Ya Allah izinin aku ikut program kampus merdeka Ya Allah pliss banget ini mahh,1
kalo ga didampingi dosen nanti mahasiswanya kurang belajar IYA KAN MBAAA THATS WHY KENAPA KAMPUS MERDEKA EXISTS JIRRR BELOM SAATNYA GASIIIIIKKK,1
@darjelinn temen gw juga pernah bantu prodi buat nyusun laporan buat salah satu program kampus merdeka dan iya aja di kertas tulisannya segini tapi kepotong sekian dan program sertifikasi buat mahasiswa yg aslinya gratis dibuat 1/2 gratis sama kampus bahkan korup di level mahasiswa ada,0
kk sepupu w kmrn cerita dia kerjanya dmn n ngapain trs ada satu waktu dmn dia bahas dia &amp; tim nya megang website kampusmerdeka w lupa bgt ngomel2 soal websiteny yg cacad total itu,0
Dari beberapa mahasiswa yg gw tanyain ini jawaban mereka : - Mahasiswa sibuk disumpal program kampus merdeka. - Mahasiswa skrng tidak punya urgensi yg kuat untuk melakukan aksi apapun (krn kebanyakan mahasiswa skrng lebih individualis asalkan mereka bisa makan.. it's fine) ..,0
Dulu mba mantan ikut program kampus merdeka mengajar pergi 'jalan2/studi tour' ke Gorontalo dng beberapa anggota tim. Aku yg denger cerita hmmm oke cukup tau Kesimpulanku buat pendidikan indo: semua program itu cuma buat ngabisin APBN karna pd dasarnya penguasa ...,0
@oianas_ Memang parah ini mas klo kampus merdeka juga ada sebenerbya gini,0
@Coretanditoilet mulai kerasa mas makanya kampus merdeka jadi platfom katrol kompetensi buat pts ini fasilitasi upskill ama bagusin cv mahasiswa nya. di tempatku begitu,1
mahasiswa lagi disibukkan magang2 kampus merdeka untuk mengejar max usia pelamar 25 tahun &amp; berpengalaman min 1 tahun itu. ditambah UKT mahal sehingga waktu lebih baik digunakan untuk mencari biaya sampingan. issue tapera jelas tidak relevan wong belum bekerja.,0
@_mardial_ Program kampus merdeka really works,1
kampus merdeka gone wrong,0
@timpenguinnas kampus merdeka fell off,0
Kampus Merdeka Indonesia Jaya logo made it funnier,0
@irfan3 Sebagai mahasiswa semester 6 aku berterima kasih banget karena bisa intern di ibu kota lewat msib kampus merdeka. Dapat biaya bantuan hidup 2 8jt bagiku itu udh cukup banget untuk bertahan di ibukota 10/10 experience. Mau ikut lagi tapi jurusanku cuma bolehin sekali :'),1
padahal program kampus merdeka ngikutin program enrichment binus,1
@ikhsanhd_ @NottingHill_11 saiki mhs lebih milih magang di kampus merdeka pak daripada panas panasan yang ujungnya ga tau tar idup apa ngga,1
@aventuriyne iya yang ngga merata mah kesempatan buat ikut kampus merdeka,0
Bruh mahasiswa nya udah dibrainwash program kampus merdeka,0
@vintagesgo @colafloattttt @yellowmycat nanya nya ga cuma satu pihak aja nder dr pihak mbkm perguruan tinggi atau koordinator kjmu di kampus masing juga krna emng lempar an dr pihak kmpus merdeka dibolehin tpi belum tentu dr pihak kjmu nya diperbolehkan,0
kampus merdeka/kampus mengajar ini ada aja yaaa gebrakannya. aku cuma mau lulus cepet aja ya Allah.,0
@_Shirokamii Kampus merdeka at it's finest. Ukt gatau buat apa parkir aja masih bayar https://t.co/zfeMdDKVE1,0
MSIB batch 6! plis aku belum cair dari termin 1 dan 2 bagi tipsnya dongg anjir udah pasrah gini. Ada yg sama ga? atau aku aja #msib #kampusmerdeka #bbh https://t.co/2I5CKd5zD1,0
pantesan kampus merdeka 2022 mampet cairnya anjg padahal cuma 1.2,0
Lagi baca-baca tentang pendidikan tinggi jaman dulu di Indonesia. Ternyata belajarnya malah lebih merdeka dari pada kampus merdeka sekarang.,0
emang boleh loker spa waiter dll jadi magang kampus merdeka ??,0
that's why kebanyakan prodi susah bgt buat convert sks ke kampus merdeka karna mereka ngerasa ilmu yg di dapat di kampus ga jauh beda sm diluar ini konteksnya kampus mengajar PMM gitu ya bukan maganggg alias kalo magang harusnya ada sks sendiri sih,0
@gundamnyadia @hrdbacot saya dulu waktu covid juga masih semester 4. karena karantina skill yang saya develop lebih banyak skill-skill digital. kalo pengalaman praktikal ikut kursus/pelatihan online mentoring online kampus merdeka hingga freelance. saya gak menyerah dengan keterbatasan itu.,1
@worksfess emang basic sayangnya di jaman skrng gara2 kampus merdeka mhsswa fokus magang drpd kuliah. jd matkul wajib ga gitu ngerti. sepemahaman gue yg punya sepupu hobi magang tp mnurut nyokap gw yg mantan akuntan masih kurang bgt pengetahuannya.,0
aku alumni oren ikutnya ga bayar malah dibayar (karna kampus merdeka lol) kalau ikut bootcampt tuh harus ngulik sendiri juga menurutku gabisa kalau disuapin terus. dulu ikut yang data science for python sekarang ilmu nya udah lunturrrrrrrr tapi masih bisa akses programnya jadi,1
okelah kampus merdeka kan BLU dan PTNBH ini pny unit-unit bisnis kek Spbu Hotel bahkan Mall nah apakah profitnya ga cukup buat biaya kampus? knp yg dihajar UKT? inget woii tgs negara itu mencerdaskan kehidupan bangsa bkn cari cuan !,0
Oh ada kurikulum kampus merdeka juga to Pantesan kedalaman ilmu terkait jurusannya pada banyak lulusan sekarang itu kek cenderung menurun Ya dibikin sama @Kemdikbud_RI untuk bisa langsung jadi sekrup kapitalisme,0
@DS_yantie Banyak kok yang ipknya dari 1-2 5 bisa naik drastis jadi 3+ gara2 kebantu Kampus merdeka program MAGANG / STUDI INDEPENDEN,1
@RagilSemar Bahkan kebijakkan Kampus Merdeka -nya sj dianggap sangat pro pasar bebas dan akhirnya melanggengkan upah murah... https://t.co/qrL2JEBTdO,0
Program kampus merdeka yang dampaknya bagus dan nyata menurutku program kampus mengajar selain itu dampaknya menurutku kurang karena yang kena dampak positif masih seputar satu individu aja,0
@agonixes Efek dari kampus merdeka yang biayain sendiri jadi kampus pada pasang UKT tinggi tinggi.,0
well the similarity between Enrichment Program binus sama Konsep Kampus Merdeka,1
tp tbh ada bbrp matkul yg butuh pre required knowledge gt ibaratnya kalo mau ngambil matkul A di sem 6 harus udah ngambil matkul B di sem 4/5. soalnya dulu ada mahasiswa sem 5 yg ikut kampus merdeka di jurusan w dan alhasil keteteran https://t.co/A0PHZIUcnG,0
@undipmenfess Bangke sampe kampus merdeka aja diginiin nadiem nadiem kelakuan lu,0
Jangan sampai kebijakan Kampus Merdeka yang selama ini dilaksanakan rupanya jadi salah satu strategi pemerintah memandulkan gerakan mahasiswa. Orientasi semua mahasiswa jadi kerja magang dan jadi profesional di luar kampus. Jadi males berorganisasi dan jadi aktor gerakan.,0
Merdeka belajar kampus merdeka ORANG KAYA MERDEKA.,0
@ipb_menfess Balik lagi Kemdikbud ngasih program ini tujuannya agar mahasiswa merdeka dalam belajar hal ini bagus dan balik lagi kita diberi wadah sama kampus dan pemerintah buat ningkatin kapasitas kita yang nyandang status yang katanya mahasiswa .,1
